Topic 1,Topic 2,Topic 3,Topic 4,Topic 5,Topic 6,Topic 7,Topic 8,Topic 9,Topic 10,Topic 11,Topic 12,Topic 13,Topic 14,Topic 15,Topic 16,Topic 17,Topic 18,Topic 19,Topic 20
MT-ATP8,FABP1,C4BPA,PI16,AC142381.1,AL359693.1,CTAGE15,CYP11B1,FMR1NB,IL17REL,IL17F,IL21,KRTAP1-3,LCE6A,MEPE,MMP20,PNMA6B,PSG9,SCGB1C1,TTLL8
MT-ND1,ACPP,SPP1,FETUB,ABCB11,,,,,FREM3,,,,,,,,,,
MGP,ALDOB,AKR1B10,CYP4F2,BTNL3,,,,,GAGE10,,,,,,,,,,
C3,FABP4,F12,BPIFA1,PAX2,,,,,,,,,,,,,,,
ACTG2,SPINK1,SERPIND1,PAEP,RXRG,,,,,,,,,,,,,,,
APOC1,HMGCS2,SERPINA5,EEF1A2,AC011298.1,,,,,,,,,,,,,,,
S100A9,TFF1,PLIN1,HOXB13,PAQR9,,,,,,,,,,,,,,,
HP,PGA3,SERPINB3,REG1B,DYDC2,,,,,,,,,,,,,,,
RBP4,CSTA,MAL,UGT1A7,CEA,,,,,,,,,,,,,,,
FGG,PGA4,GSTA2,DUOX1,SERPINB7,,,,,,,,,,,,,,,
ORM1,PHGR1,APOF,GAST,HS3ST6,,,,,,,,,,,,,,,
APOA2,NPY,PRAC1,CTD-2545G14.7,TCF23,,,,,,,,,,,,,,,
FGA,CYP2A6,ADIPOQ,SLC22A31,TEKT1,,,,,,,,,,,,,,,
APOC3,SCGB2A2,SFTA3,ASPG,DNMT3L,,,,,,,,,,,,,,,
FGB,REG1A,GLYATL1,NTS,WFDC5,,,,,,,,,,,,,,,
SAA1,LTF,TM4SF5,TRPM8,SLC6A2,,,,,,,,,,,,,,,
APOA1,PCK1,AQP9,ALDH1A2,GAGE2D,,,,,,,,,,,,,,,
AMBP,CEACAM5,HABP2,BARX1,DEFA3,,,,,,,,,,,,,,,
TF,LIPF,AKR7A3,LYPD2,FER1L6,,,,,,,,,,,,,,,
MT1G,FBP1,UGT2B17,DNAJC12,WNT7A,,,,,,,,,,,,,,,
APOH,MUCL1,PEBP4,TMEFF2,COX7B2,,,,,,,,,,,,,,,
KRT5,SLC22A1,ZG16B,ARSE,SDR9C7,,,,,,,,,,,,,,,
CES1,PIP,HAO1,CYP2C18,TPPP2,,,,,,,,,,,,,,,
S100A8,CD36,SCUBE2,PRAME,CHRND,,,,,,,,,,,,,,,
PGC,PRAP1,LPL,PADI1,ALPPL2,,,,,,,,,,,,,,,
HBB,CYP2C9,CIDEC,AGTR1,PSAPL1,,,,,,,,,,,,,,,
ORM2,GKN1,GNMT,DHRS9,C1orf105,,,,,,,,,,,,,,,
HBA2,CYP2C8,MS4A12,DSC3,CAV3,,,,,,,,,,,,,,,
DCXR,PAH,SLCO2B1,CHIA,ARPP21,,,,,,,,,,,,,,,
FABP5,CA2,APOA4,DAO,HSD3B2,,,,,,,,,,,,,,,
HPX,IL1RN,ESR1,GP2,TRIM50,,,,,,,,,,,,,,,
TTR,UGT2B4,C19orf77,OGDHL,MAB21L3,,,,,,,,,,,,,,,
KRT6A,LBP,UPB1,DPCR1,FLG,,,,,,,,,,,,,,,
ASS1,TAT,PRG4,CYP4F11,TSPAN19,,,,,,,,,,,,,,,
APOD,PON1,MUC6,SLCO1B3,ACER1,,,,,,,,,,,,,,,
GC,MLPH,REG4,RP11-603J24.9,GSTA3,,,,,,,,,,,,,,,
SFTPB,SFTA2,GIF,DEFB4A,TBX10,,,,,,,,,,,,,,,
S100A16,SCGB1D2,FDCSP,TMSB15A,BPIFB4,,,,,,,,,,,,,,,
TFF3,TMPRSS2,AQP4,NR1I2,CYP2F1,,,,,,,,,,,,,,,
SERPINC1,CPB2,FAM83A,CAPNS2,C6orf118,,,,,,,,,,,,,,,
LCN2,ARG1,EPS8L3,GYS2,UCN3,,,,,,,,,,,,,,,
FGL1,PPP1R1B,ALOX15B,CDHR2,GABRA5,,,,,,,,,,,,,,,
A1BG,SFRP4,ANXA10,KLK5,SPINK6,,,,,,,,,,,,,,,
AHSG,OLFM4,GPT,CALCA,KRT31,,,,,,,,,,,,,,,
CRP,KLK4,CRISP3,NMU,RIPPLY1,,,,,,,,,,,,,,,
KRT14,CLDN18,CADM1,AC006538.4,AMY1B,,,,,,,,,,,,,,,
S100A2,CRNN,GOLT1A,FGF21,HIST2H3D,,,,,,,,,,,,,,,
KRT17,TFF2,CLCA2,SEPT1,CLDN19,,,,,,,,,,,,,,,
ITIH4,HPN,TGM4,KCNE4,THEM5,,,,,,,,,,,,,,,
CRYAB,CLDN3,SST,CST4,GAGE1,,,,,,,,,,,,,,,
SAA2,CA1,HNF4A,ACOT12,CASP14,,,,,,,,,,,,,,,
KRT13,SLC26A3,CXCL13,GAGE12I,FAM25B,,,,,,,,,,,,,,,
WFDC2,SLC44A4,DLK1,ANXA9,TMEM8C,,,,,,,,,,,,,,,
SFTPA2,CEACAM7,METTL7B,CITED1,GMNC,,,,,,,,,,,,,,,
HSPB6,GDF15,MYL1,SLC51B,SLIT1,,,,,,,,,,,,,,,
APCS,AGR3,PAGE4,HOXA11,SSX1,,,,,,,,,,,,,,,
PIGR,SORD,AIM1L,PLA2G1B,TMC1,,,,,,,,,,,,,,,
CSTB,GPRC5A,PVRL1,LOXL4,DPYSL5,,,,,,,,,,,,,,,
ANG,C8B,NUDT8,BCL2L15,LHX9,,,,,,,,,,,,,,,
SFTPA1,ZG16,OTC,CCL15,MEP1B,,,,,,,,,,,,,,,
SPRR3,CLCA4,TMEM40,NPTX2,POU3F3,,,,,,,,,,,,,,,
KNG1,SFRP1,PRODH,KCNE2,C10orf90,,,,,,,,,,,,,,,
PLG,GKN2,ATP4B,CLEC4G,CNTN6,,,,,,,,,,,,,,,
ITIH1,SLC45A3,CALML5,CXorf61,KHDRBS2,,,,,,,,,,,,,,,
S100A14,KRT20,PLGLB1,BBOX1,SOAT2,,,,,,,,,,,,,,,
AGT,GUCA2A,FAM25A,CORO6,MYF6,,,,,,,,,,,,,,,
SFN,REG3A,ANXA8,GREM2,KCNJ4,,,,,,,,,,,,,,,
PI3,ST6GAL1,MUC3A,FOXE1,GALR2,,,,,,,,,,,,,,,
HRG,GJB2,UGT1A6,SLC6A1,C11orf16,,,,,,,,,,,,,,,
JUP,SERPINA6,C1orf106,PADI3,NOX5,,,,,,,,,,,,,,,
APOC4-APOC2,SLC39A6,NR0B2,DEPDC7,GRM4,,,,,,,,,,,,,,,
SMTN,CTSE,LEFTY2,CACNG4,FAM196A,,,,,,,,,,,,,,,
KRT15,C10orf99,CYP4F3,ADAMTSL2,TERT,,,,,,,,,,,,,,,
AQP1,CLCA1,GJB6,ACSM1,C22orf42,,,,,,,,,,,,,,,
HBA1,KRT6C,RP11-599B13.6,STRA6,KRT75,,,,,,,,,,,,,,,
AGXT,ALDH3A1,TMPRSS11E,XDH,VCX3B,,,,,,,,,,,,,,,
GSTA1,VSIG2,TP63,LAMC3,HIST1H3J,,,,,,,,,,,,,,,
PSCA,C8G,PRR15,SLC3A1,C1QL4,,,,,,,,,,,,,,,
SPRR1B,SLC2A1,OR51E2,DLX5,C2orf50,,,,,,,,,,,,,,,
EPCAM,CRCT1,FAM189A2,CCNE1,PAX7,,,,,,,,,,,,,,,
TSPAN1,THRSP,SPRR2F,FAT2,PRH2,,,,,,,,,,,,,,,
ITM2C,SPDEF,VNN1,RPRM,SPRR4,,,,,,,,,,,,,,,
CP,FAM3D,ASPDH,CDHR1,HIST1H3C,,,,,,,,,,,,,,,
HPD,CYP4B1,C2orf54,CRHBP,MUC7,,,,,,,,,,,,,,,
CLDN4,TGM3,NKX2-1,XAGE1C,PSG4,,,,,,,,,,,,,,,
IGF2,SERPINA11,DIO1,UPK3A,MCF2,,,,,,,,,,,,,,,
SPRR2A,C11orf96,TPBG,KIAA1199,CTD-3214H19.16,,,,,,,,,,,,,,,
IGFBP3,CDC42EP5,F11,C1orf186,MAGEC1,,,,,,,,,,,,,,,
TSPAN8,KLK11,DNASE1L3,RETNLB,RP11-190A12.7,,,,,,,,,,,,,,,
SPRR1A,DPYS,MTTP,GPR87,MAGEA10,,,,,,,,,,,,,,,
EMP1,C16orf89,CCL16,TMPRSS11A,SSX4B,,,,,,,,,,,,,,,
NAPSA,SCGB2A1,HAND2,MAGEA2B,OTOS,,,,,,,,,,,,,,,
KRT7,AADAC,MYBPC1,OSCAR,GNGT1,,,,,,,,,,,,,,,
CRABP2,SPINK5,DEFA5,MYOCD,TEX101,,,,,,,,,,,,,,,
AKR1C1,SLC22A7,ADAMDEC1,LGALS9C,CLDN22,,,,,,,,,,,,,,,
TACSTD2,PCP4,CHP2,RAB26,PCDHGA8,,,,,,,,,,,,,,,
S100P,MUC5AC,TFAP2A,STX11,MAFA,,,,,,,,,,,,,,,
SCGB1A1,CLDN1,KRT23,PLA2G10,NPPB,,,,,,,,,,,,,,,
CYP3A4,KIAA1324,BNIPL,EDN3,COL19A1,,,,,,,,,,,,,,,
AGER,PITX1,CLEC3A,SOX2,DEC1,,,,,,,,,,,,,,,
TRIM29,MSLN,CKM,NAGS,SOHLH1,,,,,,,,,,,,,,,
ADH4,SLURP1,CCL28,ARL14,GHRH,,,,,,,,,,,,,,,
CFHR1,AFM,B3GNT3,MPV17L,TRIM72,,,,,,,,,,,,,,,
SCD,DMBT1,CHI3L2,TMPRSS13,BPIFA2,,,,,,,,,,,,,,,
KRT4,PLIN4,CDX1,ATP10B,RLBP1,,,,,,,,,,,,,,,
SAA4,RDH16,DDC,SULT1B1,AMY1A,,,,,,,,,,,,,,,
ITIH3,KLK10,BCAS1,RELN,RHOXF2,,,,,,,,,,,,,,,
F2,GPD1,COL4A6,CHAC1,NPBWR1,,,,,,,,,,,,,,,
ATF5,CCL18,ATP4A,TTC9,AC007919.2,,,,,,,,,,,,,,,
CLDN7,CYP8B1,EMX2,ELOVL2,MYT1,,,,,,,,,,,,,,,
HAMP,SLC13A5,SCARA5,LCN12,RP13-512J5.1,,,,,,,,,,,,,,,
MFGE8,UCHL1,RNF128,PROX1,DHRS7C,,,,,,,,,,,,,,,
AQP3,CREB3L4,TNNT3,COL2A1,MT4,,,,,,,,,,,,,,,
ACSL1,GLYAT,F2RL1,MT1B,SOST,,,,,,,,,,,,,,,
CFH,CREB3L1,GRHL1,UPK1A,VWA5B1,,,,,,,,,,,,,,,
SPON2,MUC2,MAMDC2,HHIP,SERPINA9,,,,,,,,,,,,,,,
RHCG,UGT1A4,NXPE4,DEFA1,VGLL2,,,,,,,,,,,,,,,
SCGB3A2,FGFBP1,GREB1,SPTSSB,MYPN,,,,,,,,,,,,,,,
SERPINF2,G6PC,USH1C,XAGE1B,SERPINA12,,,,,,,,,,,,,,,
FXYD1,CHRDL1,TACR2,CTB-186H2.3,DEFB103B,,,,,,,,,,,,,,,
SLC34A2,FOLH1,S100A12,LYPD1,PRB4,,,,,,,,,,,,,,,
ADH1A,NKX3-1,PTHLH,XAGE1D,CACNG7,,,,,,,,,,,,,,,
AKR1C2,MUC13,CDX2,MYL2,ARMS2,,,,,,,,,,,,,,,
HSD17B6,HGFAC,TMPRSS6,EFCAB1,NLRP7,,,,,,,,,,,,,,,
SLC27A5,SPINK4,KRT80,NOX1,CER1,,,,,,,,,,,,,,,
CYSTM1,CA4,RGL3,SPIB,TUBA3C,,,,,,,,,,,,,,,
KRT16,AQP8,OLR1,CHRNA2,C20ORF135,,,,,,,,,,,,,,,
CCL21,MFAP5,ARHGEF4,TRIM15,CLLU1OS,,,,,,,,,,,,,,,
SPRR2D,SLC39A5,IHH,GAL3ST1,LHX1,,,,,,,,,,,,,,,
PERP,KRT78,IGFALS,AC079354.2,MATN1,,,,,,,,,,,,,,,
RDH11,CPB1,HIST1H2BG,SCTR,DPEP3,,,,,,,,,,,,,,,
CEACAM6,ALDH1A3,MOGAT2,BPIFB2,HIST1H3I,,,,,,,,,,,,,,,
LY6D,SLC2A2,MYCL,LCE3D,OSTN,,,,,,,,,,,,,,,
CFHR2,LYPD8,UGT1A10,RAET1E,SPANXB2,,,,,,,,,,,,,,,
SCGB3A1,CDHR5,CCDC74A,FXYD4,FAM159B,,,,,,,,,,,,,,,
CCL14,AL353354.2,C19orf59,FGF10,DMRT1,,,,,,,,,,,,,,,
CNFN,A2ML1,LEFTY1,C11orf86,FABP12,,,,,,,,,,,,,,,
SMIM22,FAM3B,CLDN2,VNN3,COX8C,,,,,,,,,,,,,,,
AKR1C3,PKP3,SMOC1,MAB21L2,MC4R,,,,,,,,,,,,,,,
TST,EHF,CLIC5,CYP24A1,ZNF560,,,,,,,,,,,,,,,
IGFBP1,FCGBP,ERN2,REP15,MSLNL,,,,,,,,,,,,,,,
MAT1A,SERPINB5,COL9A3,CGA,SSX5,,,,,,,,,,,,,,,
SPRR2E,NEFH,CLRN3,MS4A1,PSG5,,,,,,,,,,,,,,,
PTGR1,BASP1,C9orf152,TNMD,KRT77,,,,,,,,,,,,,,,
C2,CHGA,CRYM,NKX6-1,FLJ30594,,,,,,,,,,,,,,,
C15orf48,LIPE,B3GNT7,SLN,CNTNAP5,,,,,,,,,,,,,,,
ITIH2,PRR15L,PLIN5,LGALS9B,CXorf48,,,,,,,,,,,,,,,
SFTPD,ITLN1,ABCA6,PITX2,HMX1,,,,,,,,,,,,,,,
MT1F,LDOC1,HMCN2,DCD,RNF17,,,,,,,,,,,,,,,
SERPINB1,SULT2B1,SERPINB4,BTNL8,ZDHHC22,,,,,,,,,,,,,,,
GATM,CPN2,MYOC,VEPH1,LST3,,,,,,,,,,,,,,,
ACAT1,DSG3,PPP1R14D,HDC,LHX3,,,,,,,,,,,,,,,
KRT6B,TESC,VTCN1,SLC26A9,SYT14,,,,,,,,,,,,,,,
ANPEP,ACTC1,PYY,KLC3,SAGE1,,,,,,,,,,,,,,,
SDS,CLIC3,MS4A15,GLT1D1,VAX1,,,,,,,,,,,,,,,
PLIN2,IVL,MLKL,IYD,HRH3,,,,,,,,,,,,,,,
CXCL14,COL17A1,AR,NEURL,TPTE,,,,,,,,,,,,,,,
HRSP12,TMPRSS11B,BARX2,LRP2,RGSL1,,,,,,,,,,,,,,,
CHI3L1,SLC10A1,FOXA2,CAPN9,CTXN2,,,,,,,,,,,,,,,
CD14,RAB17,FCN2,SYT13,ABCC12,,,,,,,,,,,,,,,
CXCL12,RGMA,CSF3,SLC16A11,MTNR1A,,,,,,,,,,,,,,,
CCL2,ZNF185,GRHL3,MUC15,MYT1L,,,,,,,,,,,,,,,
SRGN,FAM107A,PKLR,PAGE2,FGF3,,,,,,,,,,,,,,,
CD52,LIMCH1,PAX9,MYBPH,IFITM5,,,,,,,,,,,,,,,
CPS1,TMPRSS4,FOXA3,TMEM59L,TGM7,,,,,,,,,,,,,,,
FOSB,ALDH3B2,HIST1H2BC,EDN2,KRTAP3-3,,,,,,,,,,,,,,,
HOPX,STEAP2,MS4A8,NDP,AL162431.1,,,,,,,,,,,,,,,
SYNM,MUC12,CLDN10,RBP2,CTD-2105E13.6,,,,,,,,,,,,,,,
FAM129B,CAPN8,WT1,CPA2,SPANXC,,,,,,,,,,,,,,,
FTCD,EVPL,NTN1,SHISA2,C14orf23,,,,,,,,,,,,,,,
MT1H,TBX3,ETNPPL,CYP4F22,SNTG1,,,,,,,,,,,,,,,
CD55,HAO2,IL1RAP,PGAM2,LCE2B,,,,,,,,,,,,,,,
DEFB1,ABCA3,FUT6,FABP7,ZNF668,,,,,,,,,,,,,,,
PDLIM3,TREM1,LTB4R,C6orf58,C8orf12,,,,,,,,,,,,,,,
HPR,MYLPF,VSNL1,C1orf168,RHOXF2B,,,,,,,,,,,,,,,
LMOD1,CYP2A7,FERMT1,PGA5,SYCP1,,,,,,,,,,,,,,,
C7,CCL20,C20orf85,DCDC2,U82695.9,,,,,,,,,,,,,,,
LGALS7B,SERPINE2,SLC4A4,ABCC11,SBK2,,,,,,,,,,,,,,,
FCER1G,CDH3,SMPDL3B,C14orf105,NYAP2,,,,,,,,,,,,,,,
ASGR1,SEMA3C,GJB5,SLC30A10,SPAG11A,,,,,,,,,,,,,,,
GSTM1,ATP2A3,CES3,SLC13A2,KRT25,,,,,,,,,,,,,,,
HLA-DRB5,WISP2,CST5,ADRA1A,CST11,,,,,,,,,,,,,,,
C9,C1orf116,ZCCHC12,MRAP,SPANXD,,,,,,,,,,,,,,,
SULT2A1,MISP,PTGER3,SHISA3,OTOG,,,,,,,,,,,,,,,
LYPD3,KLK8,TRIM31,VIT,POU3F2,,,,,,,,,,,,,,,
CYP27A1,GABRP,MYO1A,GFRA3,TECTB,,,,,,,,,,,,,,,
S100A7,MMP1,PGR,IRX1,OTX2,,,,,,,,,,,,,,,
DARC,TNNT1,SOSTDC1,TMEM253,CCL1,,,,,,,,,,,,,,,
EFEMP1,CA9,RLN1,TG,RP11-362K2.2,,,,,,,,,,,,,,,
APOC4,CTHRC1,EXOC3L4,TPSG1,RP11-886H22.1,,,,,,,,,,,,,,,
PCOLCE,MDFI,CTRB2,XAGE1A,TRIML2,,,,,,,,,,,,,,,
RBP1,WNK2,CTRB1,LRRC15,LCE2C,,,,,,,,,,,,,,,
APOB,SYTL1,SLC2A4,ZIC1,WNT1,,,,,,,,,,,,,,,
POSTN,GREM1,PNLIP,C12orf36,LGALS14,,,,,,,,,,,,,,,
HLA-DMA,MUC5B,ZNF750,MMP13,C10orf129,,,,,,,,,,,,,,,
G0S2,ST6GALNAC1,PIFO,SPRR2G,ADAMTS20,,,,,,,,,,,,,,,
AL590714.1,PRSS3,GPR126,IL36RN,POU4F3,,,,,,,,,,,,,,,
HLA-DQA1,SPINK7,C5orf27,PVALB,C4orf51,,,,,,,,,,,,,,,
HLA-DQB1,HFE2,TUSC5,KRT1,C10orf32-ASMT,,,,,,,,,,,,,,,
CYP4A11,VIL1,ITGAL,CLEC12A,FABP9,,,,,,,,,,,,,,,
MST1,FAM83D,SLC9A3,IL36G,AC017028.1,,,,,,,,,,,,,,,
ECM1,CKMT1B,LRRC26,XAGE1E,LCE1A,,,,,,,,,,,,,,,
AOX1,TNS4,GJB3,DSG1,GTSCR1,,,,,,,,,,,,,,,
ASGR2,FAM198B,HHLA2,TRIM55,AC140061.12,,,,,,,,,,,,,,,
HSD11B1,NR1I3,BAIAP2L2,RHBG,ACPT,,,,,,,,,,,,,,,
LRG1,FXYD2,FA2H,CLDN6,SMCP,,,,,,,,,,,,,,,
CALML3,LAMC2,PPP2R2C,TBX4,FLG2,,,,,,,,,,,,,,,
GSTM3,CDA,NR1H4,CPLX3,LCE2A,,,,,,,,,,,,,,,
SYNPO2,CYP4A22,BCO2,AC009065.1,NPHS2,,,,,,,,,,,,,,,
SFRP2,FMO2,SGK2,DSCR8,RAX,,,,,,,,,,,,,,,
C8orf4,AOC1,DPEP1,FAM83C,LCE5A,,,,,,,,,,,,,,,
HSPB8,HAL,C2orf88,LGI2,DSCAM,,,,,,,,,,,,,,,
MIEN1,GPAM,HOXB6,MUC16,C8orf74,,,,,,,,,,,,,,,
GAMT,KLK6,CXCL5,RP11-664D7.4,ADAM18,,,,,,,,,,,,,,,
ERBB2,MARC1,CYP4Z1,FEV,PYDC2,,,,,,,,,,,,,,,
CXCL17,NPY1R,COL11A1,SLC5A5,ADAD1,,,,,,,,,,,,,,,
CLEC3B,ATOH8,OASL,SLC7A4,AC092291.2,,,,,,,,,,,,,,,
CFI,PGLYRP2,RERGL,SOWAHA,NPAP1,,,,,,,,,,,,,,,
TPSAB1,UGT1A1,KCNJ15,C6orf223,,,,,,,,,,,,,,,,
ATF3,STMN3,IL20RB,DLX1,,,,,,,,,,,,,,,,
CCDC80,C19orf80,SAMD9,RP11-77K12.7,,,,,,,,,,,,,,,,
DSP,ASPN,KCNG1,FITM1,,,,,,,,,,,,,,,,
PDZK1IP1,GAS1,PLCXD2,B4GALNT2,,,,,,,,,,,,,,,,
REEP6,FUT3,HNF1B,GPR128,,,,,,,,,,,,,,,,
TFR2,GATA3,FIGF,AVPR1A,,,,,,,,,,,,,,,,
DPT,DHRS2,HIGD1B,UGT1A9,,,,,,,,,,,,,,,,
IFI16,RAP1GAP,IL1B,ROPN1B,,,,,,,,,,,,,,,,
MAL2,SERPINB13,ADRA2C,CHST9,,,,,,,,,,,,,,,,
TDO2,CXCL10,GRB14,NECAB2,,,,,,,,,,,,,,,,
GOT1,RHOV,PDE4C,GCG,,,,,,,,,,,,,,,,
DMKN,KCNN4,CALB2,C12orf39,,,,,,,,,,,,,,,,
APOA5,CDH17,RAB38,SYNPO2L,,,,,,,,,,,,,,,,
MMP7,SCNN1B,GNAO1,C11orf88,,,,,,,,,,,,,,,,
RGCC,PRR4,SOX10,MAGEA3,,,,,,,,,,,,,,,,
ASL,PCOLCE2,INHBA,SLC16A6,,,,,,,,,,,,,,,,
C4BPB,FGFR3,PLA2G4F,RAB3B,,,,,,,,,,,,,,,,
ACSM2B,PDZK1,RASD2,RDH12,,,,,,,,,,,,,,,,
UGT2B7,GBP6,GATA4,ADCY1,,,,,,,,,,,,,,,,
SLC25A47,MUC20,SFRP5,TP53AIP1,,,,,,,,,,,,,,,,
INSIG1,SLC7A2,ATP13A4,SLC1A7,,,,,,,,,,,,,,,,
PCK2,ARG2,PI15,AKR1B15,,,,,,,,,,,,,,,,
TM4SF4,UPK3B,LEP,FOXN1,,,,,,,,,,,,,,,,
APOM,GPA33,CA3,GALNT8,,,,,,,,,,,,,,,,
TNXB,PHLDA1,PTPRH,TUBA3D,,,,,,,,,,,,,,,,
RGS5,CKMT1A,NUAK2,STK32B,,,,,,,,,,,,,,,,
PROC,EHHADH,NAT2,PGLYRP4,,,,,,,,,,,,,,,,
MT1M,AHCYL2,RETN,PAGE2B,,,,,,,,,,,,,,,,
GJA1,RND1,TTPA,NEK10,,,,,,,,,,,,,,,,
FADS2,TMC5,PCSK9,SNTN,,,,,,,,,,,,,,,,
ALAS1,CHRDL2,PLEKHS1,NGB,,,,,,,,,,,,,,,,
ICAM1,ACSL4,ACY3,HIST1H2AM,,,,,,,,,,,,,,,,
FBLN5,MASP1,MTRNR2L9,CDSN,,,,,,,,,,,,,,,,
MSMO1,TRNP1,CFP,CHRNA1,,,,,,,,,,,,,,,,
TPPP3,FGL2,GDA,CTAG2,,,,,,,,,,,,,,,,
SBSN,SYT7,TRABD2A,TM4SF19,,,,,,,,,,,,,,,,
UBD,ACTA1,VIP,MAGEA6,,,,,,,,,,,,,,,,
BDH1,DERL3,ITGA8,ADCYAP1R1,,,,,,,,,,,,,,,,
ELN,PRODH2,SHBG,ACAN,,,,,,,,,,,,,,,,
HGD,CRLF1,AGMAT,NPPC,,,,,,,,,,,,,,,,
AOC3,TUBB3,MMP10,TAC3,,,,,,,,,,,,,,,,
FOLR1,EVA1A,FOXJ1,VWA5B2,,,,,,,,,,,,,,,,
DPYSL3,RRAD,ATG9B,ALOX15,,,,,,,,,,,,,,,,
ACY1,GUCA2B,C2orf82,ASCL1,,,,,,,,,,,,,,,,
APOL1,DPP4,LDB3,CYP2W1,,,,,,,,,,,,,,,,
ACP5,ACSM5,ANXA8L1,PAGE5,,,,,,,,,,,,,,,,
PHYH,TTC39A,PRSS1,MAGEA4,,,,,,,,,,,,,,,,
AKR1B1,TNFRSF6B,ELF5,TCP10L,,,,,,,,,,,,,,,,
BHMT,GCNT3,GBP5,BNC1,,,,,,,,,,,,,,,,
MARCO,IGF1,PLP1,GCK,,,,,,,,,,,,,,,,
PHGDH,TMEM79,TMPRSS3,CCL26,,,,,,,,,,,,,,,,
TNC,AMN,CLPS,KCNJ3,,,,,,,,,,,,,,,,
SVIL,CRABP1,EGFL6,RP11-343C2.9,,,,,,,,,,,,,,,,
FMO3,RORC,CDH2,C2CD4A,,,,,,,,,,,,,,,,
LMO7,TMEM100,STAC2,AMTN,,,,,,,,,,,,,,,,
UGT1A8,TMOD1,L1CAM,LDLRAD1,,,,,,,,,,,,,,,,
FMOD,ASRGL1,GPM6A,APOBEC2,,,,,,,,,,,,,,,,
IGLL5,PROM1,NEU4,CHRNA4,,,,,,,,,,,,,,,,
MTHFD1,WIF1,CWH43,ZBED2,,,,,,,,,,,,,,,,
PGM5,NTRK2,KLK14,NKX6-3,,,,,,,,,,,,,,,,
PKDCC,CTXN1,PNMAL1,FOXI1,,,,,,,,,,,,,,,,
PDLIM5,AKAP12,TMEM171,TPH1,,,,,,,,,,,,,,,,
HLA-DMB,SLC38A5,PLCH2,CSN1S1,,,,,,,,,,,,,,,,
COL12A1,WFDC1,RBM24,SRL,,,,,,,,,,,,,,,,
ST14,CYP3A7,NXPE1,RFPL2,,,,,,,,,,,,,,,,
SORBS2,CYP2S1,EPHX3,ERVMER34-1,,,,,,,,,,,,,,,,
MYL6B,SPOCK1,CCK,RNF223,,,,,,,,,,,,,,,,
CAV2,SEZ6L2,SLC28A1,HBG2,,,,,,,,,,,,,,,,
LYNX1,TTC36,CPNE4,FAM151A,,,,,,,,,,,,,,,,
HPGD,AIF1L,APOBR,ARC,,,,,,,,,,,,,,,,
SCARB1,MIA,NRXN2,AC025262.1,,,,,,,,,,,,,,,,
KHK,DUOXA1,TMEM92,C5orf46,,,,,,,,,,,,,,,,
SCNN1A,SH3BP1,HSPA6,C14orf180,,,,,,,,,,,,,,,,
COL5A1,TCEAL2,MUC17,CSAG1,,,,,,,,,,,,,,,,
LPCAT1,GFRA1,SLC6A12,REN,,,,,,,,,,,,,,,,
CXCL2,KLK1,C1orf194,DKK4,,,,,,,,,,,,,,,,
GJB1,BMP4,RTN4RL2,HIST1H2AD,,,,,,,,,,,,,,,,
FAH,LMO3,MORN5,KCNJ16,,,,,,,,,,,,,,,,
C8A,MUSTN1,RBFOX3,DUSP9,,,,,,,,,,,,,,,,
MALL,AMDHD1,SLC22A10,PCSK1,,,,,,,,,,,,,,,,
SMOC2,NDNF,ZMYND10,HIST1H2BF,,,,,,,,,,,,,,,,
PPL,CAPN14,GAL,KCNC2,,,,,,,,,,,,,,,,
EPS8L1,AQP7,ANXA13,INSM1,,,,,,,,,,,,,,,,
MTHFS,ALDH8A1,HK3,PLA2G2D,,,,,,,,,,,,,,,,
IRF1,CDKN2A,CCL13,HIST1H2AI,,,,,,,,,,,,,,,,
CYP3A5,MUC4,COX6A2,SPAG6,,,,,,,,,,,,,,,,
PKP1,REC8,VSTM2A,GRPR,,,,,,,,,,,,,,,,
OLFML3,CYP2J2,HOXB9,VGF,,,,,,,,,,,,,,,,
GADD45G,VSIG10L,CCL11,CTNNA2,,,,,,,,,,,,,,,,
MPZL2,KLK12,CFTR,ACVR1C,,,,,,,,,,,,,,,,
F3,ABCA8,RSAD2,PTPRN,,,,,,,,,,,,,,,,
SLC39A14,FAM134B,CERS3,CDH15,,,,,,,,,,,,,,,,
TFPI,COLEC12,TM6SF2,CILP2,,,,,,,,,,,,,,,,
PLAT,VAV3,BAI2,SLC28A2,,,,,,,,,,,,,,,,
TSKU,GHRL,HES2,ABCA4,,,,,,,,,,,,,,,,
CYP2D6,SLC17A9,PRSS21,GPR88,,,,,,,,,,,,,,,,
PLAC8,GNLY,CLPSL2,SLC9A4,,,,,,,,,,,,,,,,
PDLIM4,MMP9,POU2AF1,CT45A5,,,,,,,,,,,,,,,,
AKR1C4,STXBP6,SALL1,MATN4,,,,,,,,,,,,,,,,
MASP2,F13A1,RTKN2,AREGB,,,,,,,,,,,,,,,,
TRPM4,OLFML2B,HIST2H4B,WFDC12,,,,,,,,,,,,,,,,
SHMT1,PRKAR2B,CD5L,RAPSN,,,,,,,,,,,,,,,,
MFAP2,MYRF,VMO1,OFCC1,,,,,,,,,,,,,,,,
MT1A,VILL,LY6G6D,NKX6-2,,,,,,,,,,,,,,,,
LAD1,ANGPTL1,CYS1,ERBB4,,,,,,,,,,,,,,,,
FCN3,FOXF1,PDIA2,MYL7,,,,,,,,,,,,,,,,
C2orf40,CDK1,CXCL6,MYOM3,,,,,,,,,,,,,,,,
GGT1,HES6,KAL1,GPR15,,,,,,,,,,,,,,,,
SERPINA7,GGT6,GALNT15,S100A7A,,,,,,,,,,,,,,,,
ALDH1L1,FAM83E,ZDHHC11B,PSPN,,,,,,,,,,,,,,,,
PC,SEMG1,DAPP1,CDH16,,,,,,,,,,,,,,,,
ISYNA1,EPB41L4B,HRASLS5,GFAP,,,,,,,,,,,,,,,,
S100A1,CCDC64B,FAM65C,FAM155B,,,,,,,,,,,,,,,,
ALDH4A1,MET,RSPH1,LCE3E,,,,,,,,,,,,,,,,
C6,BHLHE41,SLC6A14,FAM25G,,,,,,,,,,,,,,,,
SULT1A1,NAT1,ASPHD1,ROPN1,,,,,,,,,,,,,,,,
PXMP2,F7,WNT7B,PLA2G4E,,,,,,,,,,,,,,,,
GPC3,AKR1D1,KRT81,SPINK8,,,,,,,,,,,,,,,,
SLC15A3,ITGB6,ENTPD8,WDR38,,,,,,,,,,,,,,,,
ACSM2A,SLC22A3,UNC5CL,LHX8,,,,,,,,,,,,,,,,
HMGB3,SLCO4A1,FREM1,LCN15,,,,,,,,,,,,,,,,
KLF5,PCSK1N,KRT24,TGM5,,,,,,,,,,,,,,,,
NDUFA4L2,PNCK,AK5,TRPM6,,,,,,,,,,,,,,,,
ANGPTL3,FAM46B,HEPACAM2,HAND1,,,,,,,,,,,,,,,,
FSCN1,PTGES,GPR110,HIST1H2BO,,,,,,,,,,,,,,,,
MUC21,BEX1,SLC13A3,ARHGAP36,,,,,,,,,,,,,,,,
HSD17B13,HIF3A,CA7,CRYBA2,,,,,,,,,,,,,,,,
SERPINE1,GHR,CYTL1,TCL1A,,,,,,,,,,,,,,,,
SNCG,SEMG2,RAD51AP1,NKX2-5,,,,,,,,,,,,,,,,
PLGLB2,GSTM5,XPNPEP2,XXbac-BPG181M17.5,,,,,,,,,,,,,,,,
HSPB7,MYZAP,ESPL1,FBP2,,,,,,,,,,,,,,,,
UGDH,KLK7,SIX2,C1orf110,,,,,,,,,,,,,,,,
CREB3L3,MMP19,WNT2,HIST1H3G,,,,,,,,,,,,,,,,
ACSL5,KCNQ1,NKD1,CALCB,,,,,,,,,,,,,,,,
PTN,PAMR1,CNDP1,SCG3,,,,,,,,,,,,,,,,
PON3,BTNL9,CARD18,AC018867.2,,,,,,,,,,,,,,,,
IL6ST,ACMSD,KCNQ2,KPRP,,,,,,,,,,,,,,,,
MMP11,CD38,CCDC74B,RP11-685N3.1,,,,,,,,,,,,,,,,
CX3CL1,CAPN6,LRRN1,ATP1A4,,,,,,,,,,,,,,,,
FUOM,PVRL4,FGFBP2,HOXC13,,,,,,,,,,,,,,,,
DGAT2,NPR1,ANKRD1,FCRLB,,,,,,,,,,,,,,,,
EFHD1,ECM2,CCL23,DEFB4B,,,,,,,,,,,,,,,,
PPP1R1A,GNA15,HOXB8,C3orf72,,,,,,,,,,,,,,,,
BHMT2,VSIG1,CCL4L1,MYBPHL,,,,,,,,,,,,,,,,
GGH,CILP,C11orf53,DEFB103A,,,,,,,,,,,,,,,,
AMACR,MX2,HOXC10,CELA3B,,,,,,,,,,,,,,,,
CDO1,MYH3,RP11-598P20.5,PAPPA2,,,,,,,,,,,,,,,,
KLK13,CIDEA,TMEM82,TMEM236,,,,,,,,,,,,,,,,
SCEL,PADI2,TMEM200A,ABCA12,,,,,,,,,,,,,,,,
FLNC,AURKB,ATP6V1B1,MUC19,,,,,,,,,,,,,,,,
UPK3BL,VSTM2L,ITLN2,EMR1,,,,,,,,,,,,,,,,
F5,GCGR,TNFRSF11B,GAL3ST3,,,,,,,,,,,,,,,,
QPRT,DUSP4,GSDMC,PLA2G4D,,,,,,,,,,,,,,,,
VWF,TNNI1,GABRA3,MAGEA2,,,,,,,,,,,,,,,,
MEST,EDNRB,LMAN1L,C1orf177,,,,,,,,,,,,,,,,
SERPINA10,NNAT,GABRQ,IGF2BP1,,,,,,,,,,,,,,,,
FOXA1,KIT,OXER1,GLRA3,,,,,,,,,,,,,,,,
BAAT,TPRG1,KIF1A,USH1G,,,,,,,,,,,,,,,,
CAPS,ANKRD29,SLC4A11,TNIP3,,,,,,,,,,,,,,,,
ANO1,GALNT6,SCXA,FAM25C,,,,,,,,,,,,,,,,
HAAO,JPH2,IGSF10,NMRK2,,,,,,,,,,,,,,,,
ACOX2,GSTT2,CELA2A,DUSP13,,,,,,,,,,,,,,,,
PEG10,SOX15,CCL24,CLC,,,,,,,,,,,,,,,,
TGM1,AQP5,SHD,CLPSL1,,,,,,,,,,,,,,,,
CXCL1,AL022328.1,DEFA6,FAM92B,,,,,,,,,,,,,,,,
SEC14L2,SDR16C5,UGT3A1,MAGEC2,,,,,,,,,,,,,,,,
CBS,C5orf38,C8orf47,CATSPERD,,,,,,,,,,,,,,,,
ALOX5AP,MB,PRPH,ASIC2,,,,,,,,,,,,,,,,
LEAP2,ETV4,KCNK3,TMEM189-UBE2V1,,,,,,,,,,,,,,,,
RBP5,ATP1A2,TMEM108,ATP13A5,,,,,,,,,,,,,,,,
BPIFB1,APLP1,SMIM6,NPY5R,,,,,,,,,,,,,,,,
ENPP2,GYG2,SLC22A18AS,KRTAP3-2,,,,,,,,,,,,,,,,
GLYCTK,SLC1A1,C2CD4B,KHDC1L,,,,,,,,,,,,,,,,
CXCR4,FUT2,FAM183A,CRISP2,,,,,,,,,,,,,,,,
CEACAM1,CDCA7,NRG1,MTRNR2L2,,,,,,,,,,,,,,,,
LCAT,INHBB,SATB2,MYOZ2,,,,,,,,,,,,,,,,
PPP1R12B,CLMP,CCRL2,NKX2-2,,,,,,,,,,,,,,,,
UBE2C,CACNA2D2,NXPH4,PRL,,,,,,,,,,,,,,,,
CYP2B6,NGFR,LRRN4,TMEM213,,,,,,,,,,,,,,,,
SULF1,KCNH2,DPP6,CD1A,,,,,,,,,,,,,,,,
SLC22A18,CST6,HIST1H3H,UPK2,,,,,,,,,,,,,,,,
APCDD1,ERG,IL1RL1,INSL5,,,,,,,,,,,,,,,,
CIDEB,FOXF2,CHRM1,HIST2H3C,,,,,,,,,,,,,,,,
ACADS,CXCL3,OIT3,PNLDC1,,,,,,,,,,,,,,,,
TMEM101,TCN1,BHLHA15,CELF3,,,,,,,,,,,,,,,,
KLF2,KIF12,TMEM163,TMEM151A,,,,,,,,,,,,,,,,
PHYHD1,CLIC6,RASGRF1,MAGEA1,,,,,,,,,,,,,,,,
ERO1L,ADH7,CLSTN2,ALPP,,,,,,,,,,,,,,,,
ITM2A,POPDC2,HRASLS2,ALOX12B,,,,,,,,,,,,,,,,
HMOX1,PLA1A,SMPX,PYDC1,,,,,,,,,,,,,,,,
MFSD2A,LGALS2,LGR5,DLL3,,,,,,,,,,,,,,,,
RGN,COL10A1,CTTNBP2,MAGEB2,,,,,,,,,,,,,,,,
DGKA,SAMD11,AMY1C,PAGE1,,,,,,,,,,,,,,,,
PRUNE2,FOXQ1,LGI3,SYT4,,,,,,,,,,,,,,,,
GRB7,SELP,RSPO1,DUSP27,,,,,,,,,,,,,,,,
CD163,CHGB,SCG2,DLX2,,,,,,,,,,,,,,,,
HSD11B2,AFP,ALOX12,ZFP57,,,,,,,,,,,,,,,,
PODN,CRTAC1,TMED6,CTAG1B,,,,,,,,,,,,,,,,
GSTZ1,TRPS1,UPK1B,SYNGR4,,,,,,,,,,,,,,,,
GBP1,IFI44L,SRPK3,FAM19A4,,,,,,,,,,,,,,,,
ABCC3,MYO7B,CHST13,MAEL,,,,,,,,,,,,,,,,
GMFG,FAM101A,ENDOU,TKTL1,,,,,,,,,,,,,,,,
ITGB2,GNG4,MT3,IL37,,,,,,,,,,,,,,,,
SERPINA4,TREM2,CLEC4E,UNC45B,,,,,,,,,,,,,,,,
RASD1,INHBE,MRC1,DNAI2,,,,,,,,,,,,,,,,
MLXIPL,NSG1,NUDT10,PTPRQ,,,,,,,,,,,,,,,,
PFKFB3,MEP1A,GDF10,ATP12A,,,,,,,,,,,,,,,,
AREG,CNTFR,GLYATL2,SLC30A8,,,,,,,,,,,,,,,,
STEAP4,CPA1,HCAR3,SPINK13,,,,,,,,,,,,,,,,
COL7A1,INHBC,IL17B,WFIKKN2,,,,,,,,,,,,,,,,
PIK3R1,SKAP1,HTR2B,GRIN3A,,,,,,,,,,,,,,,,
SPP2,DUOX2,CCL25,ARSF,,,,,,,,,,,,,,,,
ESAM,LIPH,EFNB3,SLC45A2,,,,,,,,,,,,,,,,
NEDD4L,BMP7,ABCC8,SLC10A4,,,,,,,,,,,,,,,,
CD53,IL1R2,LTB4R2,FAM19A3,,,,,,,,,,,,,,,,
FCGR3A,TMPRSS11D,TMEM190,TDRD12,,,,,,,,,,,,,,,,
NCCRP1,TWIST1,CLEC4M,DNAH8,,,,,,,,,,,,,,,,
ANGPTL4,IRX2,OMG,VCX,,,,,,,,,,,,,,,,
LECT2,CDH13,LRRTM1,IBSP,,,,,,,,,,,,,,,,
CTD-2228K2.5,ADTRP,NPW,CA6,,,,,,,,,,,,,,,,
UPP1,KCNIP2,ODAM,SEZ6L,,,,,,,,,,,,,,,,
CLDN5,SLC25A18,SCGN,MYLK2,,,,,,,,,,,,,,,,
PLAUR,KCTD14,LAMP5,CTRC,,,,,,,,,,,,,,,,
THBS4,ACSS3,CHST5,DAW1,,,,,,,,,,,,,,,,
ITGA7,MYEOV,VGLL1,CCDC33,,,,,,,,,,,,,,,,
ALDOC,TRPV6,COLEC10,TRDN,,,,,,,,,,,,,,,,
ISG20,CASQ2,BEST2,PNMA5,,,,,,,,,,,,,,,,
SPEG,SEMA3G,AARD,DMRT3,,,,,,,,,,,,,,,,
SDPR,ADAM28,CYP17A1,ZNF541,,,,,,,,,,,,,,,,
PIPOX,ENPP5,SPINK2,SLC5A8,,,,,,,,,,,,,,,,
GPT2,CRMP1,B3GNT6,REG3G,,,,,,,,,,,,,,,,
LRRC32,DIO2,CD300LF,VCX3A,,,,,,,,,,,,,,,,
OGN,AFF3,SLC6A4,GDAP1L1,,,,,,,,,,,,,,,,
GEM,TCEAL7,HEPN1,KRT79,,,,,,,,,,,,,,,,
MRGPRF,DOK2,OR51E1,LIX1,,,,,,,,,,,,,,,,
AHNAK2,SERPINI1,SLC39A2,PTCHD2,,,,,,,,,,,,,,,,
VSIG4,TIMP4,SIRPB1,FOXG1,,,,,,,,,,,,,,,,
COL5A2,SLC25A15,HIST2H2AC,SLC18A1,,,,,,,,,,,,,,,,
ABI3BP,TNFAIP8L3,CLEC1B,GRIK1,,,,,,,,,,,,,,,,
SUSD2,HAS3,RNF186,VSIG8,,,,,,,,,,,,,,,,
ALPL,NOTUM,EPGN,SLC6A3,,,,,,,,,,,,,,,,
FBLN2,CLEC7A,IL1A,PRSS56,,,,,,,,,,,,,,,,
ADM,UGT2B11,NPTX1,FUT9,,,,,,,,,,,,,,,,
NTN4,PRIMA1,ROS1,AL158147.2,,,,,,,,,,,,,,,,
FBN1,RTN1,RET,PPP1R27,,,,,,,,,,,,,,,,
C5,EGR3,HSPB3,GABRG2,,,,,,,,,,,,,,,,
SLC38A4,ANKRD22,ULBP2,DDN,,,,,,,,,,,,,,,,
LAMA3,EGR2,HCAR1,KRT40,,,,,,,,,,,,,,,,
CCL19,FNDC5,CXCR6,IAPP,,,,,,,,,,,,,,,,
PROS1,MYL4,SLC15A1,AVP,,,,,,,,,,,,,,,,
CD248,BMPR1B,CLDN14,HUS1B,,,,,,,,,,,,,,,,
SLC39A8,SLC14A1,TUBB4A,OBP2A,,,,,,,,,,,,,,,,
HTRA3,HCAR2,HIST1H2BH,SLC1A6,,,,,,,,,,,,,,,,
FMO5,SLC30A4,AC018816.3,HIST1H3F,,,,,,,,,,,,,,,,
NEDD9,SLC19A3,ZNF812,NXPH1,,,,,,,,,,,,,,,,
PSAT1,CEL,PNMT,DEFA1B,,,,,,,,,,,,,,,,
MARC2,CARTPT,COL4A3,LCN1,,,,,,,,,,,,,,,,
MZB1,MAPT,CD164L2,HBE1,,,,,,,,,,,,,,,,
CASP1,FAM150B,CPA4,BRDT,,,,,,,,,,,,,,,,
PTTG1,TMEM86B,LY6G6C,NHLH2,,,,,,,,,,,,,,,,
ABAT,SYT8,SULT1E1,CHRNA9,,,,,,,,,,,,,,,,
HSD17B2,SULT1C2,LY6H,C22orf24,,,,,,,,,,,,,,,,
TMEM45B,CLDN8,TMEM154,IL36B,,,,,,,,,,,,,,,,
SH3BP5,HOOK1,HMGA2,RHAG,,,,,,,,,,,,,,,,
ALDH6A1,MKI67,FAM167A,C20orf166,,,,,,,,,,,,,,,,
SDCBP2,CD300LG,PDZD3,SSX2B,,,,,,,,,,,,,,,,
RAC2,SPRR2B,TDRD10,PEX5L,,,,,,,,,,,,,,,,
ACSM3,SOX7,CELA3A,FSTL5,,,,,,,,,,,,,,,,
LPP,DTX1,GLB1L3,NR0B1,,,,,,,,,,,,,,,,
FABP3,ABCC2,MYH7,PAPL,,,,,,,,,,,,,,,,
RAB11FIP1,POF1B,TMEM132C,LOR,,,,,,,,,,,,,,,,
RBP7,GLDC,BEST4,IGFL3,,,,,,,,,,,,,,,,
PLAU,SLC2A5,CPLX2,CYP4F31P,,,,,,,,,,,,,,,,
EVA1C,SLC29A4,SPAG17,NRAP,,,,,,,,,,,,,,,,
ENTPD5,GRPEL2,TRH,PNLIPRP3,,,,,,,,,,,,,,,,
MSRB3,FCN1,FZD10,ATP2B3,,,,,,,,,,,,,,,,
STEAP1,CAPN13,ICAM4,C8orf22,,,,,,,,,,,,,,,,
PRSS27,MFSD4,GTSF1,H2AFB2,,,,,,,,,,,,,,,,
SLC2A3,PPM1H,CHST4,MLNR,,,,,,,,,,,,,,,,
SLC27A2,MMP3,NRIP3,PIWIL1,,,,,,,,,,,,,,,,
NADK2,WNT4,FBN2,ACTL6B,,,,,,,,,,,,,,,,
GLA,TCF21,CXCR2,RPL3L,,,,,,,,,,,,,,,,
ACADSB,KIAA1467,NAT8L,LRRC38,,,,,,,,,,,,,,,,
RAMP3,SLC15A2,SYCN,LMX1A,,,,,,,,,,,,,,,,
VCAN,UGT2A3,LPA,ASB11,,,,,,,,,,,,,,,,
CD37,ADAMTS8,CST2,SYNPR,,,,,,,,,,,,,,,,
HIST2H2BE,GPIHBP1,B3GALT5,MAGEA8,,,,,,,,,,,,,,,,
F10,LRRC17,PZP,TCF24,,,,,,,,,,,,,,,,
CCL5,AGPAT9,IGSF23,BTN1A1,,,,,,,,,,,,,,,,
OSR2,COCH,COL9A1,CACNA1S,,,,,,,,,,,,,,,,
ADAMTSL4,TBC1D10C,ANGPTL6,SSX2,,,,,,,,,,,,,,,,
SMAGP,C9orf24,PPBP,HTR1E,,,,,,,,,,,,,,,,
TOP2A,KMO,LRRC36,SPANXB1,,,,,,,,,,,,,,,,
PLN,CSDC2,ATP2B2,NR5A1,,,,,,,,,,,,,,,,
CST1,FZD8,PHACTR3,ZPLD1,,,,,,,,,,,,,,,,
MME,CTSG,SLC17A3,ST8SIA3,,,,,,,,,,,,,,,,
IL2RG,NR4A3,COL11A2,SLC38A8,,,,,,,,,,,,,,,,
INMT,AIFM3,SLAMF6,PPY,,,,,,,,,,,,,,,,
IL33,RNF212,RLN2,MYH2,,,,,,,,,,,,,,,,
ADH6,SCG5,PCSK2,ERVW-1,,,,,,,,,,,,,,,,
RARRES1,HIST2H2BF,RNASE7,MARCH4,,,,,,,,,,,,,,,,
AKAP2,HGF,GPR115,GOLGA6L9,,,,,,,,,,,,,,,,
STC2,DUOXA2,SOX21,COL20A1,,,,,,,,,,,,,,,,
CA12,CLDN23,FGF18,C5orf52,,,,,,,,,,,,,,,,
S100B,CADM3,CALB1,PAX3,,,,,,,,,,,,,,,,
FAM129A,TMEM178A,TPRXL,TNP1,,,,,,,,,,,,,,,,
NCAPD3,AGMO,IGSF1,CSMD3,,,,,,,,,,,,,,,,
PDE9A,OVOL1,RAET1G,ANKRD33,,,,,,,,,,,,,,,,
TNNC1,IGFL1,DBH,PDCL2,,,,,,,,,,,,,,,,
FGFR2,SPN,MYOZ1,INSL6,,,,,,,,,,,,,,,,
CFHR3,PPARGC1A,SLC6A13,HIST1H4F,,,,,,,,,,,,,,,,
TRIM16,BTK,PCDH19,CGB2,,,,,,,,,,,,,,,,
LGALS7,RTP3,RUNDC3A,KRT34,,,,,,,,,,,,,,,,
NEXN,ACTN2,FPR2,MYH1,,,,,,,,,,,,,,,,
SECTM1,C6orf141,CAPSL,AF165138.7,,,,,,,,,,,,,,,,
ECHDC3,SCN7A,RIMS4,NAA11,,,,,,,,,,,,,,,,
ABCB4,TTYH1,NOS2,PRKAG3,,,,,,,,,,,,,,,,
ID4,PRX,SLC46A2,CTD-2545M3.6,,,,,,,,,,,,,,,,
SLC43A1,RASAL1,C1orf64,IMPG2,,,,,,,,,,,,,,,,
DSG2,MEOX1,CCL17,AP001350.1,,,,,,,,,,,,,,,,
ESPN,DKK1,SLC1A2,AL590235.1,,,,,,,,,,,,,,,,
SLC7A5,EPHA7,KLHDC7A,CLEC2A,,,,,,,,,,,,,,,,
RARG,OXTR,ROPN1L,NLRP4,,,,,,,,,,,,,,,,
KCNMA1,SPOCK3,AC110615.1,NCAN,,,,,,,,,,,,,,,,
TJP3,PEG3,KLHDC7B,STATH,,,,,,,,,,,,,,,,
LIME1,NELL2,MROH2A,EIF4E1B,,,,,,,,,,,,,,,,
TMEM45A,PTX3,HIST1H4E,NXPH2,,,,,,,,,,,,,,,,
C9orf169,MLIP,SLC7A10,SP7,,,,,,,,,,,,,,,,
COL14A1,RASL11B,BEND3,AC015688.3,,,,,,,,,,,,,,,,
SCARA3,CTD-2207O23.12,IL27,ZIC3,,,,,,,,,,,,,,,,
CCL15-CCL14,HOGA1,TUBAL3,KCNU1,,,,,,,,,,,,,,,,
BAIAP2L1,APOBEC3A,FAM177B,LBX1,,,,,,,,,,,,,,,,
ALOX5,ADAMTS15,MPPED1,TAAR1,,,,,,,,,,,,,,,,
BCHE,CNTNAP2,HIST1H1D,AC016559.1,,,,,,,,,,,,,,,,
BOC,CA8,CYP26A1,EEF1E1-BLOC1S5,,,,,,,,,,,,,,,,
THBS2,TAC1,FOLR3,SBP1,,,,,,,,,,,,,,,,
NDN,RYR1,FOXL2,FCRL4,,,,,,,,,,,,,,,,
RAPGEFL1,HIST1H1E,NKAIN4,FAM9C,,,,,,,,,,,,,,,,
GMPR,KLHL41,GRIA2,C1orf68,,,,,,,,,,,,,,,,
SPI1,SGCD,LEMD1,GAD2,,,,,,,,,,,,,,,,
PPP3CA,LGALS12,DLX6,NTSR2,,,,,,,,,,,,,,,,
PLAC9,CXCL11,HIST1H4C,CGB,,,,,,,,,,,,,,,,
EPHA2,TBX15,ART3,METTL11B,,,,,,,,,,,,,,,,
FGFR4,FAM64A,HIST1H4D,HMGB4,,,,,,,,,,,,,,,,
DNAJA4,SYT15,CT45A3,MYH13,,,,,,,,,,,,,,,,
MEIS1,MYL3,DEFB126,SCRT1,,,,,,,,,,,,,,,,
FAM20A,RP5-966M1.6,MSMP,DEFB123,,,,,,,,,,,,,,,,
ESRP2,C1QL1,FAM81B,FAM27C,,,,,,,,,,,,,,,,
TMEM125,SLC38A11,HEPACAM,KRTAP11-1,,,,,,,,,,,,,,,,
IL8,PFKFB1,KREMEN2,,,,,,,,,,,,,,,,,
GIMAP5,PPP1R3G,CASP5,,,,,,,,,,,,,,,,,
CD302,TMEM27,CCNA1,,,,,,,,,,,,,,,,,
CITED4,PMEL,INHA,,,,,,,,,,,,,,,,,
HILPDA,MYOT,CASQ1,,,,,,,,,,,,,,,,,
CD4,C1orf170,SLC7A3,,,,,,,,,,,,,,,,,
ETNK2,ATP2A1,PNOC,,,,,,,,,,,,,,,,,
FCGR2A,MYH7B,BAI1,,,,,,,,,,,,,,,,,
SLC51A,KLB,NDUFC2-KCTD14,,,,,,,,,,,,,,,,,
ENO3,NKAIN1,OXT,,,,,,,,,,,,,,,,,
OSGIN1,TCAP,CBLN2,,,,,,,,,,,,,,,,,
LST1,LRRC19,CR2,,,,,,,,,,,,,,,,,
PSD,HRC,DCSTAMP,,,,,,,,,,,,,,,,,
NES,HRASLS,EPO,,,,,,,,,,,,,,,,,
FGGY,CETP,ARMC3,,,,,,,,,,,,,,,,,
ANXA8L2,CCL3L1,AP001579.1,,,,,,,,,,,,,,,,,
ARHGAP27,CHODL,IGLON5,,,,,,,,,,,,,,,,,
DSC2,HIST1H2AH,PDX1,,,,,,,,,,,,,,,,,
SLCO2A1,GPR64,IGFN1,,,,,,,,,,,,,,,,,
STEAP3,PROK1,CSRP3,,,,,,,,,,,,,,,,,
DNALI1,CPNE6,NSG2,,,,,,,,,,,,,,,,,
IFIT1,HIST3H2BB,SH3GL3,,,,,,,,,,,,,,,,,
TMEM37,HIST1H1B,SLC22A11,,,,,,,,,,,,,,,,,
CPM,AQP2,CYP3A43,,,,,,,,,,,,,,,,,
PROM2,OLAH,SLC26A7,,,,,,,,,,,,,,,,,
RAI2,TMEM145,MYBPC2,,,,,,,,,,,,,,,,,
PDPN,LRRC39,FAM216B,,,,,,,,,,,,,,,,,
FST,SLC30A2,C10orf112,,,,,,,,,,,,,,,,,
TNNC2,HIST1H2BL,HIST1H4B,,,,,,,,,,,,,,,,,
CECR1,HIST1H2BI,AMY2A,,,,,,,,,,,,,,,,,
PRRX1,HIST1H2AJ,PAX6,,,,,,,,,,,,,,,,,
PCSK6,HIST1H3B,EPYC,,,,,,,,,,,,,,,,,
TTC39C,LMOD3,TRIM54,,,,,,,,,,,,,,,,,
HYAL1,TMEM114,INA,,,,,,,,,,,,,,,,,
GPR116,HIST2H2AB,FCAMR,,,,,,,,,,,,,,,,,
PAPSS2,DCDC2B,FSIP1,,,,,,,,,,,,,,,,,
RERG,HIST1H2AB,FGF19,,,,,,,,,,,,,,,,,
LDHD,HIST1H2BM,CT45A1,,,,,,,,,,,,,,,,,
PBLD,HIST1H4A,C9orf135,,,,,,,,,,,,,,,,,
PALMD,AC006486.9,CACNG6,,,,,,,,,,,,,,,,,
SEPT5,C10orf71,EN1,,,,,,,,,,,,,,,,,
PEX10,TMEM14E,SEZ6,,,,,,,,,,,,,,,,,
PALM,FSD2,MAGEA9,,,,,,,,,,,,,,,,,
HCST,,POTEM,,,,,,,,,,,,,,,,,
ITIH5,,ZBBX,,,,,,,,,,,,,,,,,
S1PR1,,AKR1CL1,,,,,,,,,,,,,,,,,
CDH5,,AKAP14,,,,,,,,,,,,,,,,,
RBPMS2,,HIST1H2BE,,,,,,,,,,,,,,,,,
LAMP3,,A4GNT,,,,,,,,,,,,,,,,,
MS4A7,,STAR,,,,,,,,,,,,,,,,,
NOSTRIN,,RP11-169F17.1,,,,,,,,,,,,,,,,,
IL6,,C6orf15,,,,,,,,,,,,,,,,,
PTGIS,,BRINP2,,,,,,,,,,,,,,,,,
IL18,,FAM163B,,,,,,,,,,,,,,,,,
GATA2,,HIST1H4K,,,,,,,,,,,,,,,,,
SERPINB2,,FCAR,,,,,,,,,,,,,,,,,
OLFM2,,ANKRD30B,,,,,,,,,,,,,,,,,
TFPI2,,SP9,,,,,,,,,,,,,,,,,
COL4A5,,MGAM,,,,,,,,,,,,,,,,,
RCL1,,IDO2,,,,,,,,,,,,,,,,,
PRSS22,,CDC20B,,,,,,,,,,,,,,,,,
GSDMB,,CTAG1A,,,,,,,,,,,,,,,,,
TGFBR3,,AP001362.1,,,,,,,,,,,,,,,,,
PLLP,,GGTLC3,,,,,,,,,,,,,,,,,
DHRS11,,C1orf189,,,,,,,,,,,,,,,,,
C1orf162,,MAGEB17,,,,,,,,,,,,,,,,,
LPIN2,,ASIP,,,,,,,,,,,,,,,,,
BEX2,,C1orf87,,,,,,,,,,,,,,,,,
CSF3R,,ASB4,,,,,,,,,,,,,,,,,
NFIB,,KEL,,,,,,,,,,,,,,,,,
HBEGF,,HIST1H2AL,,,,,,,,,,,,,,,,,
PPARG,,ANKFN1,,,,,,,,,,,,,,,,,
SPOCK2,,AZU1,,,,,,,,,,,,,,,,,
GLS2,,AL117190.2,,,,,,,,,,,,,,,,,
SPNS2,,ZMAT4,,,,,,,,,,,,,,,,,
VIPR1,,UGT2A1,,,,,,,,,,,,,,,,,
PHLDA2,,TDRD1,,,,,,,,,,,,,,,,,
C6orf132,,TTN,,,,,,,,,,,,,,,,,
TBC1D9,,XIRP1,,,,,,,,,,,,,,,,,
HOXA10,,AGRP,,,,,,,,,,,,,,,,,
HIST1H4J,,RP11-463D19.2,,,,,,,,,,,,,,,,,
DLC1,,HIST1H3A,,,,,,,,,,,,,,,,,
AIM1,,AP000349.1,,,,,,,,,,,,,,,,,
RRM2,,CDK5R2,,,,,,,,,,,,,,,,,
SLC26A2,,TNFSF18,,,,,,,,,,,,,,,,,
CHIT1,,WNT16,,,,,,,,,,,,,,,,,
LEPREL1,,CXorf67,,,,,,,,,,,,,,,,,
CDC20,,MYH6,,,,,,,,,,,,,,,,,
PIM2,,C21orf37,,,,,,,,,,,,,,,,,
MMP28,,TAC4,,,,,,,,,,,,,,,,,
ANKRD37,,LECT1,,,,,,,,,,,,,,,,,
ACACB,,TAS1R1,,,,,,,,,,,,,,,,,
THBD,,NXF2B,,,,,,,,,,,,,,,,,
RDH5,,SELV,,,,,,,,,,,,,,,,,
PECR,,KRTAP3-1,,,,,,,,,,,,,,,,,
BAMBI,,CELA2B,,,,,,,,,,,,,,,,,
NT5E,,XIRP2,,,,,,,,,,,,,,,,,
MXD1,,HSD3B1,,,,,,,,,,,,,,,,,
KRTDAP,,SLC4A10,,,,,,,,,,,,,,,,,
MAGED4B,,RP11-766F14.2,,,,,,,,,,,,,,,,,
CTH,,KRT39,,,,,,,,,,,,,,,,,
RASL12,,TMC3,,,,,,,,,,,,,,,,,
ACE,,HIST1H2BB,,,,,,,,,,,,,,,,,
CPA3,,AL049829.1,,,,,,,,,,,,,,,,,
LEPR,,HBZ,,,,,,,,,,,,,,,,,
GABRE,,RP11-512M8.5,,,,,,,,,,,,,,,,,
MSR1,,SPAG11B,,,,,,,,,,,,,,,,,
GLB1L2,,SLC7A14,,,,,,,,,,,,,,,,,
RHPN2,,RP11-389E17.1,,,,,,,,,,,,,,,,,
ANO9,,,,,,,,,,,,,,,,,,,
ABLIM3,,,,,,,,,,,,,,,,,,,
LAIR1,,,,,,,,,,,,,,,,,,,
FNDC4,,,,,,,,,,,,,,,,,,,
DRAM1,,,,,,,,,,,,,,,,,,,
TACC3,,,,,,,,,,,,,,,,,,,
PLS1,,,,,,,,,,,,,,,,,,,
AP001816.1,,,,,,,,,,,,,,,,,,,
OLFM1,,,,,,,,,,,,,,,,,,,
C2orf72,,,,,,,,,,,,,,,,,,,
DAPL1,,,,,,,,,,,,,,,,,,,
SGCA,,,,,,,,,,,,,,,,,,,
SLC11A1,,,,,,,,,,,,,,,,,,,
COLEC11,,,,,,,,,,,,,,,,,,,
AMIGO2,,,,,,,,,,,,,,,,,,,
PTGS2,,,,,,,,,,,,,,,,,,,
LIPC,,,,,,,,,,,,,,,,,,,
DNAJB5,,,,,,,,,,,,,,,,,,,
ALS2CL,,,,,,,,,,,,,,,,,,,
CPXM1,,,,,,,,,,,,,,,,,,,
LCP2,,,,,,,,,,,,,,,,,,,
C6orf211,,,,,,,,,,,,,,,,,,,
ALDH3B1,,,,,,,,,,,,,,,,,,,
VWA5A,,,,,,,,,,,,,,,,,,,
NCALD,,,,,,,,,,,,,,,,,,,
PKIB,,,,,,,,,,,,,,,,,,,
THEMIS2,,,,,,,,,,,,,,,,,,,
CADPS2,,,,,,,,,,,,,,,,,,,
UNC13D,,,,,,,,,,,,,,,,,,,
CYP1B1,,,,,,,,,,,,,,,,,,,
FGF7,,,,,,,,,,,,,,,,,,,
PPP1R3C,,,,,,,,,,,,,,,,,,,
HK2,,,,,,,,,,,,,,,,,,,
SOX17,,,,,,,,,,,,,,,,,,,
SDSL,,,,,,,,,,,,,,,,,,,
RP4-583P15.14,,,,,,,,,,,,,,,,,,,
CYP4F12,,,,,,,,,,,,,,,,,,,
TMEM184A,,,,,,,,,,,,,,,,,,,
LMO2,,,,,,,,,,,,,,,,,,,
EPN3,,,,,,,,,,,,,,,,,,,
CPXM2,,,,,,,,,,,,,,,,,,,
GBP4,,,,,,,,,,,,,,,,,,,
B4GALNT4,,,,,,,,,,,,,,,,,,,
KLF15,,,,,,,,,,,,,,,,,,,
BIRC3,,,,,,,,,,,,,,,,,,,
NKG7,,,,,,,,,,,,,,,,,,,
SNAI2,,,,,,,,,,,,,,,,,,,
MRAS,,,,,,,,,,,,,,,,,,,
LYVE1,,,,,,,,,,,,,,,,,,,
CLDN15,,,,,,,,,,,,,,,,,,,
ADAM33,,,,,,,,,,,,,,,,,,,
SERHL2,,,,,,,,,,,,,,,,,,,
SLIT3,,,,,,,,,,,,,,,,,,,
COL9A2,,,,,,,,,,,,,,,,,,,
RCAN2,,,,,,,,,,,,,,,,,,,
KIAA0101,,,,,,,,,,,,,,,,,,,
MEIS3,,,,,,,,,,,,,,,,,,,
LDLRAD4,,,,,,,,,,,,,,,,,,,
PTPRC,,,,,,,,,,,,,,,,,,,
RHOBTB2,,,,,,,,,,,,,,,,,,,
NRN1,,,,,,,,,,,,,,,,,,,
TSPAN2,,,,,,,,,,,,,,,,,,,
ABCC4,,,,,,,,,,,,,,,,,,,
COMP,,,,,,,,,,,,,,,,,,,
DHODH,,,,,,,,,,,,,,,,,,,
CYBB,,,,,,,,,,,,,,,,,,,
PTGS1,,,,,,,,,,,,,,,,,,,
ATP11A,,,,,,,,,,,,,,,,,,,
CLEC2B,,,,,,,,,,,,,,,,,,,
SLC46A3,,,,,,,,,,,,,,,,,,,
MS4A4A,,,,,,,,,,,,,,,,,,,
CD79A,,,,,,,,,,,,,,,,,,,
HLF,,,,,,,,,,,,,,,,,,,
EDN1,,,,,,,,,,,,,,,,,,,
CPN1,,,,,,,,,,,,,,,,,,,
FOXM1,,,,,,,,,,,,,,,,,,,
NCF2,,,,,,,,,,,,,,,,,,,
MESP1,,,,,,,,,,,,,,,,,,,
DAAM2,,,,,,,,,,,,,,,,,,,
ADAMTS9,,,,,,,,,,,,,,,,,,,
PLEK2,,,,,,,,,,,,,,,,,,,
PDGFRL,,,,,,,,,,,,,,,,,,,
KCNMB1,,,,,,,,,,,,,,,,,,,
SLC7A7,,,,,,,,,,,,,,,,,,,
NRGN,,,,,,,,,,,,,,,,,,,
CCL4,,,,,,,,,,,,,,,,,,,
CD48,,,,,,,,,,,,,,,,,,,
ABCC6,,,,,,,,,,,,,,,,,,,
NCAM1,,,,,,,,,,,,,,,,,,,
TRPV2,,,,,,,,,,,,,,,,,,,
C1QTNF3,,,,,,,,,,,,,,,,,,,
FOSL1,,,,,,,,,,,,,,,,,,,
TPX2,,,,,,,,,,,,,,,,,,,
B3GNT5,,,,,,,,,,,,,,,,,,,
PLEKHG6,,,,,,,,,,,,,,,,,,,
FBXO2,,,,,,,,,,,,,,,,,,,
CXCL9,,,,,,,,,,,,,,,,,,,
AMICA1,,,,,,,,,,,,,,,,,,,
HMGN5,,,,,,,,,,,,,,,,,,,
TUBB2B,,,,,,,,,,,,,,,,,,,
KLKB1,,,,,,,,,,,,,,,,,,,
DACT3,,,,,,,,,,,,,,,,,,,
CDKN2B,,,,,,,,,,,,,,,,,,,
SUSD3,,,,,,,,,,,,,,,,,,,
MYBL2,,,,,,,,,,,,,,,,,,,
EVI2B,,,,,,,,,,,,,,,,,,,
CPAMD8,,,,,,,,,,,,,,,,,,,
IDO1,,,,,,,,,,,,,,,,,,,
DEGS2,,,,,,,,,,,,,,,,,,,
ZBTB18,,,,,,,,,,,,,,,,,,,
FAM69B,,,,,,,,,,,,,,,,,,,
FCGR2B,,,,,,,,,,,,,,,,,,,
NKD2,,,,,,,,,,,,,,,,,,,
ABCB1,,,,,,,,,,,,,,,,,,,
ADCY5,,,,,,,,,,,,,,,,,,,
CD3E,,,,,,,,,,,,,,,,,,,
KDM8,,,,,,,,,,,,,,,,,,,
PTK6,,,,,,,,,,,,,,,,,,,
PAX8,,,,,,,,,,,,,,,,,,,
SLC47A1,,,,,,,,,,,,,,,,,,,
HCK,,,,,,,,,,,,,,,,,,,
ASB2,,,,,,,,,,,,,,,,,,,
CYP4X1,,,,,,,,,,,,,,,,,,,
ROBO4,,,,,,,,,,,,,,,,,,,
TTC22,,,,,,,,,,,,,,,,,,,
CYP1A1,,,,,,,,,,,,,,,,,,,
SGMS2,,,,,,,,,,,,,,,,,,,
RSPO3,,,,,,,,,,,,,,,,,,,
FGR,,,,,,,,,,,,,,,,,,,
NINJ2,,,,,,,,,,,,,,,,,,,
HIST1H2AE,,,,,,,,,,,,,,,,,,,
CCL3,,,,,,,,,,,,,,,,,,,
CLIC2,,,,,,,,,,,,,,,,,,,
RNF43,,,,,,,,,,,,,,,,,,,
DMGDH,,,,,,,,,,,,,,,,,,,
GPR133,,,,,,,,,,,,,,,,,,,
IL7R,,,,,,,,,,,,,,,,,,,
KYNU,,,,,,,,,,,,,,,,,,,
PLEK,,,,,,,,,,,,,,,,,,,
OSR1,,,,,,,,,,,,,,,,,,,
EMB,,,,,,,,,,,,,,,,,,,
ANO7,,,,,,,,,,,,,,,,,,,
BIRC5,,,,,,,,,,,,,,,,,,,
NAT8,,,,,,,,,,,,,,,,,,,
HLA-DOA,,,,,,,,,,,,,,,,,,,
SARDH,,,,,,,,,,,,,,,,,,,
CYP39A1,,,,,,,,,,,,,,,,,,,
CHAD,,,,,,,,,,,,,,,,,,,
GCKR,,,,,,,,,,,,,,,,,,,
NDRG4,,,,,,,,,,,,,,,,,,,
MRC1L1,,,,,,,,,,,,,,,,,,,
PILRA,,,,,,,,,,,,,,,,,,,
FCGR1A,,,,,,,,,,,,,,,,,,,
LTB,,,,,,,,,,,,,,,,,,,
PIGY,,,,,,,,,,,,,,,,,,,
C5AR1,,,,,,,,,,,,,,,,,,,
CST7,,,,,,,,,,,,,,,,,,,
CD83,,,,,,,,,,,,,,,,,,,
TNNT2,,,,,,,,,,,,,,,,,,,
SLC24A3,,,,,,,,,,,,,,,,,,,
ANK2,,,,,,,,,,,,,,,,,,,
COX4I2,,,,,,,,,,,,,,,,,,,
MSX1,,,,,,,,,,,,,,,,,,,
CRISPLD1,,,,,,,,,,,,,,,,,,,
LRRK2,,,,,,,,,,,,,,,,,,,
STC1,,,,,,,,,,,,,,,,,,,
PTH1R,,,,,,,,,,,,,,,,,,,
PIK3AP1,,,,,,,,,,,,,,,,,,,
ITGAX,,,,,,,,,,,,,,,,,,,
HIST1H4H,,,,,,,,,,,,,,,,,,,
EMID1,,,,,,,,,,,,,,,,,,,
SLA,,,,,,,,,,,,,,,,,,,
WNT5A,,,,,,,,,,,,,,,,,,,
CCDC8,,,,,,,,,,,,,,,,,,,
BCAT1,,,,,,,,,,,,,,,,,,,
TNNI2,,,,,,,,,,,,,,,,,,,
FLRT3,,,,,,,,,,,,,,,,,,,
TNFRSF19,,,,,,,,,,,,,,,,,,,
BCL2A1,,,,,,,,,,,,,,,,,,,
HLA-DQB2,,,,,,,,,,,,,,,,,,,
PENK,,,,,,,,,,,,,,,,,,,
CD69,,,,,,,,,,,,,,,,,,,
HLA-DQA2,,,,,,,,,,,,,,,,,,,
MSC,,,,,,,,,,,,,,,,,,,
LYPD6B,,,,,,,,,,,,,,,,,,,
APOL4,,,,,,,,,,,,,,,,,,,
SULT1A2,,,,,,,,,,,,,,,,,,,
CCDC152,,,,,,,,,,,,,,,,,,,
CD2,,,,,,,,,,,,,,,,,,,
NOV,,,,,,,,,,,,,,,,,,,
ADAMTS4,,,,,,,,,,,,,,,,,,,
FPR1,,,,,,,,,,,,,,,,,,,
CRYAA,,,,,,,,,,,,,,,,,,,
PLA2G7,,,,,,,,,,,,,,,,,,,
MNDA,,,,,,,,,,,,,,,,,,,
RP11-122A3.2,,,,,,,,,,,,,,,,,,,
MAGED4,,,,,,,,,,,,,,,,,,,
HRCT1,,,,,,,,,,,,,,,,,,,
ETV1,,,,,,,,,,,,,,,,,,,
ZNF385B,,,,,,,,,,,,,,,,,,,
BMP2,,,,,,,,,,,,,,,,,,,
PROZ,,,,,,,,,,,,,,,,,,,
RAET1L,,,,,,,,,,,,,,,,,,,
CAPN12,,,,,,,,,,,,,,,,,,,
DOCK2,,,,,,,,,,,,,,,,,,,
CPT1C,,,,,,,,,,,,,,,,,,,
HIST1H2BJ,,,,,,,,,,,,,,,,,,,
CA5A,,,,,,,,,,,,,,,,,,,
LIF,,,,,,,,,,,,,,,,,,,
NEB,,,,,,,,,,,,,,,,,,,
LY6K,,,,,,,,,,,,,,,,,,,
COL21A1,,,,,,,,,,,,,,,,,,,
SNCAIP,,,,,,,,,,,,,,,,,,,
STAC3,,,,,,,,,,,,,,,,,,,
ENHO,,,,,,,,,,,,,,,,,,,
NPC1L1,,,,,,,,,,,,,,,,,,,
GLTPD2,,,,,,,,,,,,,,,,,,,
SELE,,,,,,,,,,,,,,,,,,,
MEOX2,,,,,,,,,,,,,,,,,,,
VNN2,,,,,,,,,,,,,,,,,,,
CCL4L2,,,,,,,,,,,,,,,,,,,
PLEKHN1,,,,,,,,,,,,,,,,,,,
SULT1C4,,,,,,,,,,,,,,,,,,,
HIST1H3D,,,,,,,,,,,,,,,,,,,
SAP25,,,,,,,,,,,,,,,,,,,
ECEL1,,,,,,,,,,,,,,,,,,,
LYG2,,,,,,,,,,,,,,,,,,,
BX842679.1,,,,,,,,,,,,,,,,,,,
PTH,,,,,,,,,,,,,,,,,,,
AC144568.2,,,,,,,,,,,,,,,,,,,
PRH1,,,,,,,,,,,,,,,,,,,
AC005082.1,,,,,,,,,,,,,,,,,,,
