i_doc,doc,Topic 1
0,GTEX-111CU-0626-SM-5EGHL,1.0
1,GTEX-111CU-1226-SM-5EGIN,1.0
2,GTEX-111CU-1426-SM-5GZYP,1.0
3,GTEX-111VG-1626-SM-5EGIO,1.0
4,GTEX-111YS-2426-SM-5GZZQ,1.0
5,GTEX-1128S-0926-SM-5GZZU,1.0
6,GTEX-1128S-2126-SM-5H12U,1.0
7,GTEX-113IC-0426-SM-5HL5O,1.0
8,GTEX-117YW-0008-SM-5QGRD,1.0
9,GTEX-117YW-0326-SM-5N9CY,1.0
10,GTEX-117YW-1926-SM-5H121,1.0
11,GTEX-117YX-0626-SM-5EGJI,1.0
12,GTEX-11DXW-0008-SM-5Q59V,1.0
13,GTEX-11DXW-0011-R5b-SM-DO11D,1.0
14,GTEX-11DXX-0526-SM-5PNVR,1.0
15,GTEX-11DXY-0426-SM-5H12R,1.0
16,GTEX-11DXZ-0426-SM-5987Y,1.0
17,GTEX-11DXZ-2426-SM-5N9DT,1.0
18,GTEX-11DXZ-2626-SM-59882,1.0
19,GTEX-11DYG-0011-R5a-SM-DO928,1.0
20,GTEX-11EI6-0011-R8a-SM-DO93M,1.0
21,GTEX-11EI6-0126-SM-5985R,1.0
22,GTEX-11EI6-0326-SM-5EQ6G,1.0
23,GTEX-11EI6-2626-SM-5PNVT,1.0
24,GTEX-11EI6-2826-SM-5H11D,1.0
25,GTEX-11EI6-2926-SM-5985U,1.0
26,GTEX-11EM3-0226-SM-5985Y,1.0
27,GTEX-11EM3-0426-SM-5N9BZ,1.0
28,GTEX-11EQ8-0226-SM-5EQ5G,1.0
29,GTEX-11EQ8-0826-SM-5N9FG,1.0
30,GTEX-11EQ8-1326-SM-5EGJQ,1.0
31,GTEX-11GS4-0226-SM-5HL77,1.0
32,GTEX-11GS4-2626-SM-5A5LD,1.0
33,GTEX-11GSP-0126-SM-5A5KU,1.0
34,GTEX-11GSP-1326-SM-5A5KY,1.0
35,GTEX-11H98-0126-SM-5EGHG,1.0
36,GTEX-11I78-1226-SM-5A5K6,1.0
37,GTEX-11I78-1326-SM-5PNY9,1.0
38,GTEX-11I78-1426-SM-5PNVY,1.0
39,GTEX-11LCK-0008-SM-5Q5BB,1.0
40,GTEX-11LCK-1026-SM-5A5KB,1.0
41,GTEX-11LCK-1626-SM-5PNYB,1.0
42,GTEX-11LCK-1726-SM-5S2OQ,1.0
43,GTEX-11NSD-0126-SM-5987F,1.0
44,GTEX-11NV4-0005-SM-5N9EX,1.0
45,GTEX-11O72-0008-SM-5Q5DN,1.0
46,GTEX-11O72-0226-SM-59869,1.0
47,GTEX-11O72-2226-SM-5PNW2,1.0
48,GTEX-11OC5-0008-SM-5S2OH,1.0
49,GTEX-11OF3-0011-R6b-SM-57WBG,1.0
50,GTEX-11OF3-2526-SM-5P9JL,1.0
51,GTEX-11P7K-0003-SM-5S2OU,1.0
52,GTEX-11P7K-0226-SM-5986Z,1.0
53,GTEX-11P81-2426-SM-5GU65,1.0
54,GTEX-11P82-0526-SM-5986P,1.0
55,GTEX-11PRG-0011-R4a-SM-DNZZR,1.0
56,GTEX-11PRG-0626-SM-5BC56,1.0
57,GTEX-11TT1-1326-SM-5PNYM,1.0
58,GTEX-11TTK-0005-SM-5O9BX,1.0
59,GTEX-11TUW-2026-SM-5EQL8,1.0
60,GTEX-11TUW-2526-SM-5EQKN,1.0
61,GTEX-11VI4-0006-SM-5N9D8,1.0
62,GTEX-11VI4-1226-SM-5EQMP,1.0
63,GTEX-11VI4-1726-SM-5CVLH,1.0
64,GTEX-11ZTT-0002-SM-5S2PA,1.0
65,GTEX-11ZTT-2526-SM-5EQM9,1.0
66,GTEX-11ZU8-1126-SM-5EQ5K,1.0
67,GTEX-1211K-0626-SM-5FQUZ,1.0
68,GTEX-1211K-0726-SM-5FQUW,1.0
69,GTEX-1212Z-0726-SM-5EGI5,1.0
70,GTEX-1212Z-2426-SM-5EQ5D,1.0
71,GTEX-12696-1926-SM-5EGJT,1.0
72,GTEX-1269C-2826-SM-5EQ5O,1.0
73,GTEX-12BJ1-0008-SM-5TDBZ,1.0
74,GTEX-12BJ1-0226-SM-5LUA2,1.0
75,GTEX-12BJ1-0326-SM-5FQUB,1.0
76,GTEX-12BJ1-0826-SM-5EQ5P,1.0
77,GTEX-12KS4-0005-SM-5SI94,1.0
78,GTEX-12WSA-1426-SM-5EGJU,1.0
79,GTEX-12WSC-1726-SM-5GCN3,1.0
80,GTEX-12WSD-0005-SM-5N9FZ,1.0
81,GTEX-12WSD-0926-SM-5GCNL,1.0
82,GTEX-12WSD-2626-SM-5EGJE,1.0
83,GTEX-12WSE-1126-SM-7DUEH,1.0
84,GTEX-12WSF-0926-SM-6PALU,1.0
85,GTEX-12WSJ-0326-SM-5GCMT,1.0
86,GTEX-12WSK-0426-SM-5GCNS,1.0
87,GTEX-12WSK-0926-SM-5CVNQ,1.0
88,GTEX-12WSL-0005-SM-5NQAD,1.0
89,GTEX-12WSL-2626-SM-5GCNV,1.0
90,GTEX-12WSM-0011-R1a-SM-5LZW6,1.0
91,GTEX-12WSN-0326-SM-5GCP6,1.0
92,GTEX-12WSN-2726-SM-5LZUK,1.0
93,GTEX-12WSN-5013-SM-7P8P9,1.0
94,GTEX-12ZZW-2426-SM-5DUWE,1.0
95,GTEX-12ZZY-0826-SM-5EQMT,1.0
96,GTEX-12ZZZ-0008-SM-5YY9S,1.0
97,GTEX-13111-0226-SM-5EQ55,1.0
98,GTEX-13111-0826-SM-5LZV3,1.0
99,GTEX-13111-1926-SM-5GCOL,1.0
100,GTEX-13112-2626-SM-5BC66,1.0
101,GTEX-13113-0006-SM-5NQ7X,1.0
102,GTEX-13113-5016-SM-7EPIP,1.0
103,GTEX-1313W-0006-SM-5O9B1,1.0
104,GTEX-1313W-0008-SM-5YYAP,1.0
105,GTEX-1313W-0011-R3a-SM-5EGLI,1.0
106,GTEX-1313W-0726-SM-5EGK1,1.0
107,GTEX-131XE-0126-SM-5LZVC,1.0
108,GTEX-131XE-0526-SM-5K7YT,1.0
109,GTEX-131XE-1026-SM-5EGKE,1.0
110,GTEX-131XE-2726-SM-5P9G7,1.0
111,GTEX-131XF-1826-SM-5EGKG,1.0
112,GTEX-131XF-2226-SM-5EQKG,1.0
113,GTEX-131XF-5001-SM-7DHLY,1.0
114,GTEX-131XG-0006-SM-5O9CE,1.0
115,GTEX-131XG-0926-SM-5LZW5,1.0
116,GTEX-131XW-0008-SM-664MJ,1.0
117,GTEX-131XW-0526-SM-5PNXZ,1.0
118,GTEX-131YS-0011-R11b-SM-5EGLM,1.0
119,GTEX-132AR-2726-SM-5PNVN,1.0
120,GTEX-132NY-0005-SM-5O9AC,1.0
121,GTEX-132Q8-0626-SM-5L3F3,1.0
122,GTEX-132Q8-1826-SM-5EGIY,1.0
123,GTEX-132QS-0326-SM-5IJFN,1.0
124,GTEX-133LE-1926-SM-5N9FV,1.0
125,GTEX-1399R-1726-SM-5K7YJ,1.0
126,GTEX-1399U-1926-SM-5IFH7,1.0
127,GTEX-1399U-2526-SM-5L3DL,1.0
128,GTEX-139TS-2226-SM-5J2N1,1.0
129,GTEX-139TS-2626-SM-5J1MT,1.0
130,GTEX-139TU-1326-SM-5LZXW,1.0
131,GTEX-13CF2-0011-R11b-SM-5LZXO,1.0
132,GTEX-13CF2-0226-SM-5L3DV,1.0
133,GTEX-13CF3-0726-SM-5J2MY,1.0
134,GTEX-13D11-0226-SM-5LZXL,1.0
135,GTEX-13D11-1426-SM-5K7Y9,1.0
136,GTEX-13D11-1726-SM-5IFGQ,1.0
137,GTEX-13D11-2726-SM-5K7V7,1.0
138,GTEX-13FH7-0126-SM-5KLZ1,1.0
139,GTEX-13FH7-0326-SM-5J1MR,1.0
140,GTEX-13FH7-0426-SM-5KM4M,1.0
141,GTEX-13FHO-0726-SM-5IJDG,1.0
142,GTEX-13FHP-0011-R1b-SM-5K7XL,1.0
143,GTEX-13FHP-0011-R5b-SM-5LZY2,1.0
144,GTEX-13FHP-0126-SM-5IJBG,1.0
145,GTEX-13FHP-0826-SM-5K7V5,1.0
146,GTEX-13FTW-1626-SM-5KM4N,1.0
147,GTEX-13FTW-1826-SM-5IJEN,1.0
148,GTEX-13FTY-0226-SM-5IJBW,1.0
149,GTEX-13FTY-0426-SM-5IJC2,1.0
150,GTEX-13FTY-0626-SM-5L3F8,1.0
151,GTEX-13FXS-1026-SM-62LFQ,1.0
152,GTEX-13FXS-1126-SM-5IJBB,1.0
153,GTEX-13G51-0011-R11b-SM-5J2NE,1.0
154,GTEX-13G51-2126-SM-5IJD9,1.0
155,GTEX-13G51-2926-SM-5IJDL,1.0
156,GTEX-13JUV-0006-SM-5NQ97,1.0
157,GTEX-13JVG-1126-SM-5KM2M,1.0
158,GTEX-13JVG-2026-SM-5KM1N,1.0
159,GTEX-13N11-1026-SM-5K7XQ,1.0
160,GTEX-13N11-2726-SM-5L3ER,1.0
161,GTEX-13N1W-0226-SM-5K7W6,1.0
162,GTEX-13N1W-0526-SM-5MR4I,1.0
163,GTEX-13N1W-1226-SM-5K7UM,1.0
164,GTEX-13N2G-0011-R10a-SM-5MR34,1.0
165,GTEX-13N2G-1926-SM-5J1O3,1.0
166,GTEX-13NYB-2726-SM-5J2MT,1.0
167,GTEX-13NYS-0326-SM-5MR4L,1.0
168,GTEX-13NZA-0011-R11b-SM-5KM4W,1.0
169,GTEX-13NZA-0011-R1b-SM-5LUAF,1.0
170,GTEX-13NZA-0126-SM-5K7UH,1.0
171,GTEX-13NZA-0526-SM-5L3D7,1.0
172,GTEX-13O1R-0826-SM-5J2MB,1.0
173,GTEX-13O1R-0926-SM-5L3DS,1.0
174,GTEX-13O1R-1026-SM-5KM2L,1.0
175,GTEX-13O1R-2426-SM-5KLZZ,1.0
176,GTEX-13O21-0826-SM-5J2NU,1.0
177,GTEX-13O21-2926-SM-5J1OU,1.0
178,GTEX-13O3O-1126-SM-5KM4Q,1.0
179,GTEX-13O61-0226-SM-5KM52,1.0
180,GTEX-13O61-0926-SM-5IFFE,1.0
181,GTEX-13O61-1626-SM-5KM3T,1.0
182,GTEX-13OVG-1326-SM-5K7Y3,1.0
183,GTEX-13OVH-0126-SM-5MR4B,1.0
184,GTEX-13OVI-1426-SM-5L3EY,1.0
185,GTEX-13OVI-2026-SM-5J1MU,1.0
186,GTEX-13OVI-2526-SM-5KM4V,1.0
187,GTEX-13OVI-2626-SM-5KM4T,1.0
188,GTEX-13OVJ-0011-R7a-SM-5L3G1,1.0
189,GTEX-13OVJ-0011-R8b-SM-5L3FS,1.0
190,GTEX-13OVJ-1826-SM-5KM2D,1.0
191,GTEX-13OVL-0126-SM-5L3GJ,1.0
192,GTEX-13OW5-0011-R8a-SM-5L3GQ,1.0
193,GTEX-13OW6-0011-R10a-SM-5L3HE,1.0
194,GTEX-13OW6-0011-R4a-SM-5O9DX,1.0
195,GTEX-13OW8-0005-SM-5NQAC,1.0
196,GTEX-13OW8-1826-SM-5L3H1,1.0
197,GTEX-13QBU-0626-SM-5J2OG,1.0
198,GTEX-13RTJ-0011-R3a-SM-5PNX7,1.0
199,GTEX-13RTJ-2626-SM-7DHKR,1.0
200,GTEX-13RTK-0126-SM-5RQHQ,1.0
201,GTEX-13RTK-0626-SM-5Q5EK,1.0
202,GTEX-13S7M-0011-R9a-SM-5O9DW,1.0
203,GTEX-13S86-0926-SM-5SI6I,1.0
204,GTEX-13S86-1626-SM-5Q5C5,1.0
205,GTEX-13SLW-0226-SM-5S2NA,1.0
206,GTEX-13SLX-0011-R4a-SM-5O9BJ,1.0
207,GTEX-13U4I-0226-SM-5SIB1,1.0
208,GTEX-13VXU-1926-SM-5LU5J,1.0
209,GTEX-13X6H-0526-SM-5LU4Q,1.0
210,GTEX-13X6I-0011-R4b-SM-5PNU9,1.0
211,GTEX-13X6I-1526-SM-5SIAC,1.0
212,GTEX-13X6J-0826-SM-5LU32,1.0
213,GTEX-13X6J-1226-SM-79OMF,1.0
214,GTEX-13YAN-1526-SM-5LU3E,1.0
215,GTEX-1445S-0011-R6b-SM-5PNUF,1.0
216,GTEX-1445S-0011-R7b-SM-5PNUG,1.0
217,GTEX-1445S-1226-SM-5O9BF,1.0
218,GTEX-144GL-1026-SM-5O99R,1.0
219,GTEX-144GN-0626-SM-5O9B2,1.0
220,GTEX-144GN-1126-SM-5LU33,1.0
221,GTEX-145LS-0126-SM-5QGP1,1.0
222,GTEX-145LT-0826-SM-5S2QL,1.0
223,GTEX-145MI-0526-SM-5O9A8,1.0
224,GTEX-145MN-0626-SM-5QGRH,1.0
225,GTEX-145MO-1226-SM-5QGPC,1.0
226,GTEX-146FR-0426-SM-5SI97,1.0
227,GTEX-14753-0011-R8b-SM-5S2U1,1.0
228,GTEX-14753-0526-SM-5QGPR,1.0
229,GTEX-147F3-0626-SM-5NQ9I,1.0
230,GTEX-147F3-1926-SM-5SIB9,1.0
231,GTEX-147F4-0126-SM-5QGPV,1.0
232,GTEX-147F4-1126-SM-5TDDE,1.0
233,GTEX-147GR-0011-R2b-SM-5S2RQ,1.0
234,GTEX-148VI-0526-SM-5TDDG,1.0
235,GTEX-148VI-1226-SM-5RQJR,1.0
236,GTEX-148VJ-0326-SM-5QGQE,1.0
237,GTEX-148VJ-2426-SM-5NQ9Y,1.0
238,GTEX-1497J-0005-SM-5NQBD,1.0
239,GTEX-1497J-0126-SM-5Q5BK,1.0
240,GTEX-1497J-2326-SM-5NQBK,1.0
241,GTEX-14A6H-0226-SM-5Q5DX,1.0
242,GTEX-14ABY-0126-SM-62LDI,1.0
243,GTEX-14AS3-0526-SM-5QGQQ,1.0
244,GTEX-14B4R-2026-SM-5QGQL,1.0
245,GTEX-14BIL-0926-SM-7DHKN,1.0
246,GTEX-14BIL-1126-SM-79OMC,1.0
247,GTEX-14BIL-1826-SM-7DUEO,1.0
248,GTEX-14BIM-0011-R11b-SM-5S2RN,1.0
249,GTEX-14BIM-0011-R1a-SM-69LQI,1.0
250,GTEX-14BMU-1326-SM-5RQIH,1.0
251,GTEX-14BMU-2026-SM-5S2W6,1.0
252,GTEX-14BMV-2426-SM-5S2PP,1.0
253,GTEX-14C38-1226-SM-5S2UK,1.0
254,GTEX-14C39-0011-R5b-SM-5ZZV1,1.0
255,GTEX-14C39-1626-SM-5S2P4,1.0
256,GTEX-14C5O-0011-R8a-SM-5YYAG,1.0
257,GTEX-14DAQ-1026-SM-793B1,1.0
258,GTEX-14E1K-0826-SM-5ZZW9,1.0
259,GTEX-14E1K-1226-SM-5S2PD,1.0
260,GTEX-14E6C-0426-SM-5YYA8,1.0
261,GTEX-14E6C-2226-SM-5QGQG,1.0
262,GTEX-14E6C-2426-SM-5S2NF,1.0
263,GTEX-14E6E-2026-SM-664N5,1.0
264,GTEX-14E7W-0006-SM-5N9GG,1.0
265,GTEX-14E7W-0011-R10a-SM-5YYAX,1.0
266,GTEX-14E7W-0011-R3b-SM-5YYB5,1.0
267,GTEX-14E7W-0526-SM-5S2W8,1.0
268,GTEX-14E7W-2926-SM-5S2R8,1.0
269,GTEX-14ICK-0006-SM-5NQB5,1.0
270,GTEX-14ICK-0326-SM-6LLIZ,1.0
271,GTEX-14ICK-2026-SM-6AJB2,1.0
272,GTEX-14ICL-1826-SM-5RQIY,1.0
273,GTEX-14JFF-0626-SM-5ZZVT,1.0
274,GTEX-14JG1-1026-SM-6ETZY,1.0
275,GTEX-14JG6-1726-SM-69LPL,1.0
276,GTEX-14LLW-0011-R5b-SM-5ZZU6,1.0
277,GTEX-14PHW-0005-SM-9KNTK,1.0
278,GTEX-14PHX-1526-SM-68717,1.0
279,GTEX-14PHX-2326-SM-62LEM,1.0
280,GTEX-14PJ2-2726-SM-5ZZVZ,1.0
281,GTEX-14PJ3-0126-SM-69LQP,1.0
282,GTEX-14PJ4-0006-SM-7RHFY,1.0
283,GTEX-14PJ5-0005-SM-9MQLO,1.0
284,GTEX-14PJ5-0626-SM-6LLIJ,1.0
285,GTEX-14PJ6-0726-SM-69LOL,1.0
286,GTEX-14PK6-0726-SM-6LLIX,1.0
287,GTEX-14PKV-0626-SM-6AJA2,1.0
288,GTEX-14PN4-0011-R11a-SM-686ZW,1.0
289,GTEX-14XAO-0426-SM-6AJB6,1.0
290,GTEX-14XAO-0926-SM-69LPZ,1.0
291,GTEX-14XAO-2026-SM-69LOI,1.0
292,GTEX-15CHC-0126-SM-5YYBA,1.0
293,GTEX-15CHC-0326-SM-5ZZVP,1.0
294,GTEX-15CHQ-0011-R1a-SM-COH27,1.0
295,GTEX-15CHQ-0011-R5b-SM-6AJAN,1.0
296,GTEX-15CHQ-2626-SM-686YZ,1.0
297,GTEX-15DCD-0011-R8b-SM-7KUEF,1.0
298,GTEX-15DCD-0626-SM-7KUG7,1.0
299,GTEX-15DZA-0005-SM-9JGFP,1.0
300,GTEX-15DZA-0926-SM-69LQ3,1.0
301,GTEX-15EO6-2326-SM-6LPKK,1.0
302,GTEX-15ER7-1426-SM-6PAMA,1.0
303,GTEX-15F5U-5010-SM-AHZ2D,1.0
304,GTEX-15FZZ-1326-SM-6PANN,1.0
305,GTEX-15G1A-0006-SM-7PC1Z,1.0
306,GTEX-15G1A-0326-SM-6M467,1.0
307,GTEX-15RIE-0426-SM-7KUMH,1.0
308,GTEX-15RIE-1726-SM-7KUMU,1.0
309,GTEX-15RIF-0326-SM-7KUFR,1.0
310,GTEX-15RIF-0826-SM-6M47C,1.0
311,GTEX-15RJ7-1726-SM-6PAL3,1.0
312,GTEX-15SB6-0008-SM-EAZCE,1.0
313,GTEX-15SHU-0011-R3a-SM-7IGPS,1.0
314,GTEX-15SHU-0626-SM-7KUFH,1.0
315,GTEX-15SHV-0826-SM-7KUFA,1.0
316,GTEX-15UF6-0011-R1a-SM-9QEGH,1.0
317,GTEX-15UF6-1126-SM-6LPJ3,1.0
318,GTEX-15UF6-2226-SM-6M471,1.0
319,GTEX-15UF6-2626-SM-6M466,1.0
320,GTEX-15UF7-1526-SM-6LPI7,1.0
321,GTEX-15UKP-2026-SM-6LPIC,1.0
322,GTEX-16AAH-0326-SM-7DHML,1.0
323,GTEX-16AAH-1926-SM-7LG4C,1.0
324,GTEX-16BQI-0006-SM-7SB6K,1.0
325,GTEX-16GPK-0011-R11b-SM-7MKFF,1.0
326,GTEX-16MT8-0326-SM-6PAM5,1.0
327,GTEX-16NGA-1826-SM-7LG5L,1.0
328,GTEX-16NGA-1926-SM-7LTA6,1.0
329,GTEX-16NPV-0011-R9b-SM-79ONF,1.0
330,GTEX-16NPX-0005-SM-7MKGG,1.0
331,GTEX-16NPX-1426-SM-6LPK3,1.0
332,GTEX-16XZZ-2726-SM-7EWDO,1.0
333,GTEX-16YQH-0126-SM-7DUFJ,1.0
334,GTEX-178AV-1326-SM-6LPJX,1.0
335,GTEX-17EVP-1326-SM-7DHMR,1.0
336,GTEX-17EVQ-0526-SM-7KFSK,1.0
337,GTEX-17F9E-0726-SM-793A1,1.0
338,GTEX-17F9E-1226-SM-7EWDG,1.0
339,GTEX-17F9Y-0726-SM-7LT9G,1.0
340,GTEX-17F9Y-2626-SM-7IGN9,1.0
341,GTEX-17GQL-1926-SM-718B9,1.0
342,GTEX-17GQL-2026-SM-718BA,1.0
343,GTEX-17HGU-1126-SM-793BP,1.0
344,GTEX-17HHE-0005-SM-7P8OT,1.0
345,GTEX-17HHY-0008-SM-EAZBE,1.0
346,GTEX-17HHY-1026-SM-7LG5E,1.0
347,GTEX-17HHY-1426-SM-7EWDQ,1.0
348,GTEX-17JCI-0326-SM-7LG5H,1.0
349,GTEX-17KNJ-1026-SM-79ONK,1.0
350,GTEX-17MF6-1526-SM-7MGW8,1.0
351,GTEX-17MFQ-1826-SM-7DHLS,1.0
352,GTEX-183WM-0326-SM-72D5V,1.0
353,GTEX-18465-0726-SM-7LG4L,1.0
354,GTEX-18A66-2626-SM-72D67,1.0
355,GTEX-18A6Q-0626-SM-7KFRP,1.0
356,GTEX-18A7A-0006-SM-7PC1P,1.0
357,GTEX-18A7A-0126-SM-731AH,1.0
358,GTEX-18A7A-0326-SM-731AT,1.0
359,GTEX-18A7A-0826-SM-7KFTJ,1.0
360,GTEX-18A7B-0326-SM-7LG65,1.0
361,GTEX-18D9A-1126-SM-7KFRJ,1.0
362,GTEX-18D9A-1626-SM-7LG5Q,1.0
363,GTEX-18D9A-2026-SM-718BL,1.0
364,GTEX-18D9B-0426-SM-7LTAR,1.0
365,GTEX-18D9B-1226-SM-72D6V,1.0
366,GTEX-18D9U-0426-SM-731AN,1.0
367,GTEX-18D9U-0726-SM-7LG5J,1.0
368,GTEX-18D9U-1426-SM-718BO,1.0
369,GTEX-18QFQ-0526-SM-718AV,1.0
370,GTEX-1A3MV-1026-SM-72D5U,1.0
371,GTEX-1A3MV-1526-SM-731BO,1.0
372,GTEX-1A3MX-0008-SM-EAZDB,1.0
373,GTEX-1A3MX-0011-R1b-SM-7P8PH,1.0
374,GTEX-1A3MX-1326-SM-72D58,1.0
375,GTEX-1A8FM-0006-SM-7MGWI,1.0
376,GTEX-1A8G6-0011-R6b-SM-7P8PE,1.0
377,GTEX-1A8G6-2026-SM-73KYC,1.0
378,GTEX-1A8G7-0426-SM-731B5,1.0
379,GTEX-1AMEY-1426-SM-7939I,1.0
380,GTEX-1AX8Z-1826-SM-73KW6,1.0
381,GTEX-1AYCT-0326-SM-73KVN,1.0
382,GTEX-1AYCT-1926-SM-793AE,1.0
383,GTEX-1AYD5-2326-SM-73KXF,1.0
384,GTEX-1B8KZ-0326-SM-73KY4,1.0
385,GTEX-1B8KZ-0626-SM-73KWE,1.0
386,GTEX-1B8KZ-1926-SM-7DUG8,1.0
387,GTEX-1B8KZ-2126-SM-73KYG,1.0
388,GTEX-1B8L1-0011-R3a-SM-7EPIO,1.0
389,GTEX-1B8L1-3026-SM-7EPHK,1.0
390,GTEX-1B8SF-0626-SM-73KVV,1.0
391,GTEX-1B8SG-0826-SM-7EWF7,1.0
392,GTEX-1B933-1326-SM-7939U,1.0
393,GTEX-1B97I-0626-SM-73KUZ,1.0
394,GTEX-1B97I-1726-SM-7939V,1.0
395,GTEX-1B97J-0526-SM-793C2,1.0
396,GTEX-1B97J-1126-SM-7SB79,1.0
397,GTEX-1B97J-1426-SM-79OLR,1.0
398,GTEX-1B996-1126-SM-73KWN,1.0
399,GTEX-1BAJH-0526-SM-793CQ,1.0
400,GTEX-1C2JI-0326-SM-7EWFD,1.0
401,GTEX-1C475-0226-SM-7MGXM,1.0
402,GTEX-1C4CL-0005-SM-7MKF3,1.0
403,GTEX-1C4CL-0326-SM-7DHMH,1.0
404,GTEX-1C6VQ-0005-SM-7P8OR,1.0
405,GTEX-1C6WA-0126-SM-7PC2B,1.0
406,GTEX-1C6WA-0426-SM-7PC2C,1.0
407,GTEX-1C6WA-3026-SM-7P8RQ,1.0
408,GTEX-1CAMR-1726-SM-793CU,1.0
409,GTEX-1CAMR-1826-SM-7MXUJ,1.0
410,GTEX-1CB4F-0726-SM-793AO,1.0
411,GTEX-1CB4F-0826-SM-793CV,1.0
412,GTEX-1CB4G-0011-R10a-SM-9QEHS,1.0
413,GTEX-1CB4G-0426-SM-7MXUN,1.0
414,GTEX-1CB4G-0726-SM-79OOJ,1.0
415,GTEX-1CB4G-1526-SM-7P8QG,1.0
416,GTEX-1CB4H-0006-SM-A96RE,1.0
417,GTEX-1CB4H-0126-SM-7IGN2,1.0
418,GTEX-1CB4I-0226-SM-79OLH,1.0
419,GTEX-1CB4I-0326-SM-7DHMM,1.0
420,GTEX-1CB4I-1526-SM-7DHMY,1.0
421,GTEX-1CB4J-0006-SM-ACKV6,1.0
422,GTEX-1CB4J-0226-SM-7P8T4,1.0
423,GTEX-1CB4J-1126-SM-7PBY1,1.0
424,GTEX-1CB4J-2426-SM-7MXVC,1.0
425,GTEX-1E1VI-0011-R5b-SM-9WG5V,1.0
426,GTEX-1E1VI-0726-SM-7P8QJ,1.0
427,GTEX-1E1VI-1626-SM-7EPIL,1.0
428,GTEX-1E2YA-0011-R8a-SM-CKZNG,1.0
429,GTEX-1EH9U-0005-SM-ACKV3,1.0
430,GTEX-1EMGI-0001-SM-EAZCK,1.0
431,GTEX-1EMGI-0011-R5a-SM-CJI2E,1.0
432,GTEX-1EMGI-0226-SM-9MQL1,1.0
433,GTEX-1EMGI-1126-SM-9KNUF,1.0
434,GTEX-1EU9M-0626-SM-7MXUT,1.0
435,GTEX-1EU9M-2326-SM-7MKGS,1.0
436,GTEX-1EX96-0006-SM-ARU6J,1.0
437,GTEX-1EX96-0011-R5a-SM-ARU83,1.0
438,GTEX-1EX96-2526-SM-7RHGW,1.0
439,GTEX-1F48J-2726-SM-7P8PW,1.0
440,GTEX-1F52S-0001-SM-EVR36,1.0
441,GTEX-1F52S-0226-SM-7SB7U,1.0
442,GTEX-1F52S-0526-SM-7P8TP,1.0
443,GTEX-1F5PK-2526-SM-9MQKN,1.0
444,GTEX-1F5PL-0426-SM-7P8PR,1.0
445,GTEX-1F5PL-1126-SM-7P8SH,1.0
446,GTEX-1F6I4-0826-SM-7RHGK,1.0
447,GTEX-1F6IF-0226-SM-7PBZ6,1.0
448,GTEX-1F6IF-0726-SM-7P8TW,1.0
449,GTEX-1F6IF-1126-SM-9KNV2,1.0
450,GTEX-1F6RS-0226-SM-9MQKO,1.0
451,GTEX-1F6RS-2026-SM-7RHHC,1.0
452,GTEX-1F75A-0011-R5a-SM-ARZMJ,1.0
453,GTEX-1F75W-0008-SM-EAZCU,1.0
454,GTEX-1F75W-0011-R11b-SM-AHZ34,1.0
455,GTEX-1F7RK-0006-SM-ACKV4,1.0
456,GTEX-1FIGZ-0001-SM-EAZCM,1.0
457,GTEX-1GF9U-1226-SM-ARL9I,1.0
458,GTEX-1GF9V-1726-SM-9KNW4,1.0
459,GTEX-1GF9W-0326-SM-9KNUN,1.0
460,GTEX-1GF9W-0626-SM-7MXVJ,1.0
461,GTEX-1GF9W-1026-SM-7SB8X,1.0
462,GTEX-1GF9W-2626-SM-7P8TA,1.0
463,GTEX-1GF9X-0008-SM-EAZCX,1.0
464,GTEX-1GL5R-0726-SM-9MQL5,1.0
465,GTEX-1GL5R-2126-SM-9WYTK,1.0
466,GTEX-1GMR2-1626-SM-9JGHL,1.0
467,GTEX-1GMR3-0008-SM-EAZD2,1.0
468,GTEX-1GMR3-0426-SM-7PC17,1.0
469,GTEX-1GMR3-2126-SM-9WYTZ,1.0
470,GTEX-1GMR8-0226-SM-9YFL3,1.0
471,GTEX-1GMRU-0126-SM-9YFLV,1.0
472,GTEX-1GMRU-1126-SM-9KNV1,1.0
473,GTEX-1GN1U-0006-SM-ARU6G,1.0
474,GTEX-1GN1U-0826-SM-9WPPX,1.0
475,GTEX-1GN1V-0326-SM-9WYTO,1.0
476,GTEX-1GN1W-0006-SM-A9SKL,1.0
477,GTEX-1GN1W-0526-SM-9MQJQ,1.0
478,GTEX-1GN73-0226-SM-9WG67,1.0
479,GTEX-1GN73-0326-SM-9KNTW,1.0
480,GTEX-1GPI7-0426-SM-7RHHP,1.0
481,GTEX-1GPI7-1726-SM-7P8R1,1.0
482,GTEX-1GTWX-2626-SM-9WPOT,1.0
483,GTEX-1GZ2Q-0826-SM-7P8TK,1.0
484,GTEX-1GZ2Q-0926-SM-7RHHN,1.0
485,GTEX-1GZ2Q-2926-SM-7PBZL,1.0
486,GTEX-1GZ4H-0526-SM-9KNU9,1.0
487,GTEX-1GZ4H-0726-SM-9WG6X,1.0
488,GTEX-1GZ4H-1326-SM-7P8TE,1.0
489,GTEX-1GZ4I-2426-SM-9WPPP,1.0
490,GTEX-1GZHY-0005-SM-ARZL6,1.0
491,GTEX-1GZHY-0011-R11a-SM-C1YRQ,1.0
492,GTEX-1GZHY-0011-R8b-SM-9OSWK,1.0
493,GTEX-1H11D-0626-SM-9WPQ1,1.0
494,GTEX-1H1DG-0006-SM-ARZL4,1.0
495,GTEX-1H1DG-0326-SM-9QEHK,1.0
496,GTEX-1H1E6-2126-SM-9KNVM,1.0
497,GTEX-1H23P-0011-R3b-SM-CL54S,1.0
498,GTEX-1H23P-0011-R6b-SM-A9G1H,1.0
499,GTEX-1H23P-0226-SM-9YFLO,1.0
500,GTEX-1H23P-2626-SM-9KNVN,1.0
501,GTEX-1H23P-2926-SM-9WYU8,1.0
502,GTEX-1H2FU-0526-SM-ACKXO,1.0
503,GTEX-1H2FU-0826-SM-9WYSU,1.0
504,GTEX-1H3NZ-1226-SM-9MQKT,1.0
505,GTEX-1H4P4-0006-SM-AHZ24,1.0
506,GTEX-1HB9E-0926-SM-COH3D,1.0
507,GTEX-1HBPI-0011-R8a-SM-A9G1S,1.0
508,GTEX-1HBPM-0011-R9b-SM-ARL7C,1.0
509,GTEX-1HBPM-0926-SM-ARL9C,1.0
510,GTEX-1HBPM-1026-SM-ARL9D,1.0
511,GTEX-1HBPN-0526-SM-A9SM6,1.0
512,GTEX-1HBPN-1226-SM-B2LW9,1.0
513,GTEX-1HBPN-1426-SM-9WPNO,1.0
514,GTEX-1HBPN-1526-SM-9WYSB,1.0
515,GTEX-1HC8U-0005-SM-ADEGV,1.0
516,GTEX-1HC8U-0626-SM-B2LWB,1.0
517,GTEX-1HC8U-1326-SM-9YFMJ,1.0
518,GTEX-1HCU6-0226-SM-CGQES,1.0
519,GTEX-1HCU6-0526-SM-A9SKU,1.0
520,GTEX-1HCU6-2726-SM-A9SKV,1.0
521,GTEX-1HCU6-2926-SM-B2LWV,1.0
522,GTEX-1HCU7-1326-SM-CNPPW,1.0
523,GTEX-1HCU8-0726-SM-ADEIR,1.0
524,GTEX-1HCU8-1526-SM-ADEHG,1.0
525,GTEX-1HCU8-2226-SM-9WPOV,1.0
526,GTEX-1HCUA-1926-SM-B2LWE,1.0
527,GTEX-1HFI6-0011-R11b-SM-A96RU,1.0
528,GTEX-1HFI7-1826-SM-ACKXH,1.0
529,GTEX-1HFI7-1926-SM-A96TQ,1.0
530,GTEX-1HKZK-1726-SM-ADEJ9,1.0
531,GTEX-1HR9M-0011-R10a-SM-CM2SU,1.0
532,GTEX-1HR9M-0226-SM-COH3E,1.0
533,GTEX-1HSEH-0226-SM-ACKVV,1.0
534,GTEX-1HSKV-0006-SM-ARZL9,1.0
535,GTEX-1HSMQ-0006-SM-ARU6N,1.0
536,GTEX-1HSMQ-2626-SM-A9SML,1.0
537,GTEX-1HT8W-2026-SM-CNNQC,1.0
538,GTEX-1I19N-0426-SM-ACKVY,1.0
539,GTEX-1I1CD-0005-SM-ADEGY,1.0
540,GTEX-1I1CD-0011-R7a-SM-CMKHA,1.0
541,GTEX-1I1CD-0226-SM-CM2TL,1.0
542,GTEX-1I1GP-0008-SM-EXUT6,1.0
543,GTEX-1I1GP-0926-SM-COH3O,1.0
544,GTEX-1I1GP-2826-SM-A9SKZ,1.0
545,GTEX-1I1GQ-0826-SM-CNNQR,1.0
546,GTEX-1I1GQ-1026-SM-CNNQS,1.0
547,GTEX-1I1GR-0126-SM-CL55F,1.0
548,GTEX-1I1GR-2526-SM-CNNQF,1.0
549,GTEX-1I1GU-1926-SM-ADEHK,1.0
550,GTEX-1I1GU-2226-SM-CGQFA,1.0
551,GTEX-1I1GV-0011-R2a-SM-ARZLF,1.0
552,GTEX-1I1GV-0126-SM-CL55G,1.0
553,GTEX-1I1GV-0426-SM-ARZLX,1.0
554,GTEX-1I1GV-0726-SM-ARZLY,1.0
555,GTEX-1I1HK-0326-SM-ACKW5,1.0
556,GTEX-1I4MK-0726-SM-ACKWC,1.0
557,GTEX-1I6K6-0226-SM-ADEID,1.0
558,GTEX-1I6K6-0726-SM-B2LX4,1.0
559,GTEX-1I6K6-1926-SM-A96SN,1.0
560,GTEX-1I6K6-2026-SM-CGQFE,1.0
561,GTEX-1I6K7-0005-SM-ARL72,1.0
562,GTEX-1ICG6-0726-SM-B2LY5,1.0
563,GTEX-1ICG6-2126-SM-CE6T2,1.0
564,GTEX-1ICLZ-0226-SM-CKZPP,1.0
565,GTEX-1IDFM-1126-SM-A96SY,1.0
566,GTEX-1IDJC-0005-SM-A9G1C,1.0
567,GTEX-1IDJC-0426-SM-B2LW1,1.0
568,GTEX-1IDJH-1626-SM-A9SLP,1.0
569,GTEX-1IDJH-3126-SM-C1YQS,1.0
570,GTEX-1IDJU-2526-SM-CMKGF,1.0
571,GTEX-1IDJU-2626-SM-CM2RT,1.0
572,GTEX-1IDJV-0426-SM-COH3Z,1.0
573,GTEX-1IE54-0926-SM-A9G2Y,1.0
574,GTEX-1IGQW-0005-SM-CMKFR,1.0
575,GTEX-1IGQW-0126-SM-COH42,1.0
576,GTEX-1IKJJ-0826-SM-A96SP,1.0
577,GTEX-1IKK5-0006-SM-CMKFI,1.0
578,GTEX-1IKK5-0011-R3b-SM-C1YRY,1.0
579,GTEX-1IKK5-0011-R8b-SM-CJI45,1.0
580,GTEX-1IKK5-1526-SM-CKZPW,1.0
581,GTEX-1IKOE-0926-SM-ARU7X,1.0
582,GTEX-1IKOE-2026-SM-AHZ31,1.0
583,GTEX-1IKOE-2126-SM-A96T5,1.0
584,GTEX-1IKOH-0001-SM-EAZDF,1.0
585,GTEX-1IL2U-0726-SM-EAZ2Y,1.0
586,GTEX-1IOXB-1026-SM-CJI4D,1.0
587,GTEX-1IY9M-0226-SM-CMKHP,1.0
588,GTEX-1J8JJ-0126-SM-D3L93,1.0
589,GTEX-1J8Q2-0006-SM-CNNOZ,1.0
590,GTEX-1J8Q3-0005-SM-CNNOY,1.0
591,GTEX-1J8Q3-1026-SM-CGQED,1.0
592,GTEX-1J8Q3-2426-SM-CL53S,1.0
593,GTEX-1J8QM-0726-SM-CE6RF,1.0
594,GTEX-1J8QM-0826-SM-CJI2P,1.0
595,GTEX-1J8QM-1926-SM-AHZ3Z,1.0
596,GTEX-1JJEA-0011-R11a-SM-EXUTE,1.0
597,GTEX-1JJEA-0826-SM-CL53T,1.0
598,GTEX-1JK1U-2326-SM-CNPOV,1.0
599,GTEX-1JKYN-0226-SM-ARL9H,1.0
600,GTEX-1JKYN-0526-SM-CGQG3,1.0
601,GTEX-1JKYN-1226-SM-CGQG8,1.0
602,GTEX-1JKYN-2226-SM-ARZNE,1.0
603,GTEX-1JMLX-0011-R6b-SM-EXUT9,1.0
604,GTEX-1JMOU-0006-SM-DHXJ7,1.0
605,GTEX-1JMPY-1026-SM-ARZN1,1.0
606,GTEX-1JMPY-1326-SM-ARL8Y,1.0
607,GTEX-1JMPZ-0006-SM-DHXJ9,1.0
608,GTEX-1JMPZ-0011-R3a-SM-EYYWX,1.0
609,GTEX-1JMPZ-0626-SM-CY8HY,1.0
610,GTEX-1JMPZ-1926-SM-E9TIT,1.0
611,GTEX-1JMPZ-2026-SM-C1YR8,1.0
612,GTEX-1JMQI-0226-SM-ARZN3,1.0
613,GTEX-1JMQI-2126-SM-CM2SC,1.0
614,GTEX-1JMQJ-2026-SM-CNPP9,1.0
615,GTEX-1JN6P-2926-SM-CL54D,1.0
616,GTEX-1JN76-1326-SM-ARU94,1.0
617,GTEX-1K2DA-1826-SM-CGQGT,1.0
618,GTEX-1K9T9-1126-SM-D3L9E,1.0
619,GTEX-1KANA-0526-SM-DIPF9,1.0
620,GTEX-1KANA-0626-SM-D4P3I,1.0
621,GTEX-1KD5A-0426-SM-D4P3X,1.0
622,GTEX-1KWVE-0005-SM-CYPSE,1.0
623,GTEX-1KWVE-2326-SM-D4P3N,1.0
624,GTEX-1KXAM-1326-SM-E9TJW,1.0
625,GTEX-1KXAM-1726-SM-D3LAE,1.0
626,GTEX-1KXAM-2426-SM-DIPFC,1.0
627,GTEX-1L5NE-1926-SM-D3L9R,1.0
628,GTEX-1L5NE-2626-SM-E9U6P,1.0
629,GTEX-1LB8K-0011-R6a-SM-EXURT,1.0
630,GTEX-1LB8K-0126-SM-EVYCN,1.0
631,GTEX-1LB8K-1326-SM-CXZKB,1.0
632,GTEX-1LBAC-0526-SM-D3L9S,1.0
633,GTEX-1LBAC-1226-SM-DHXK1,1.0
634,GTEX-1LBAC-1726-SM-D3L9W,1.0
635,GTEX-1LG7Y-0011-R5a-SM-EZ6MU,1.0
636,GTEX-1LG7Y-0426-SM-DKPQB,1.0
637,GTEX-1LG7Y-1626-SM-D4P24,1.0
638,GTEX-1LG7Z-1426-SM-CXKYV,1.0
639,GTEX-1LG7Z-2026-SM-DLHBP,1.0
640,GTEX-1LGOU-1726-SM-D3L8P,1.0
641,GTEX-1LGRB-0926-SM-COH3K,1.0
642,GTEX-1LGRB-1226-SM-CNNPS,1.0
643,GTEX-1LH75-0011-R2b-SM-EYYWQ,1.0
644,GTEX-1LH75-0526-SM-DIPG2,1.0
645,GTEX-1LNCM-0326-SM-DIPF5,1.0
646,GTEX-1LNCM-1226-SM-E9U5C,1.0
647,GTEX-1LVA9-0006-SM-DKPPN,1.0
648,GTEX-1LVA9-2426-SM-EWROM,1.0
649,GTEX-1LVAN-1726-SM-CNNR1,1.0
650,GTEX-1LVAN-2326-SM-CNNPY,1.0
651,GTEX-1M4P7-0426-SM-DKPQG,1.0
652,GTEX-1M5QR-1326-SM-EWROC,1.0
653,GTEX-1MA7X-0011-R6a-SM-EYYWR,1.0
654,GTEX-1MCC2-0226-SM-EVYD5,1.0
655,GTEX-1MCC2-1826-SM-DIPEX,1.0
656,GTEX-1MCQQ-0005-SM-DKPPV,1.0
657,GTEX-1MGNQ-0726-SM-DPRYH,1.0
658,GTEX-1MJIX-0426-SM-DTXEN,1.0
659,GTEX-1MJK3-0326-SM-DTX96,1.0
660,GTEX-1MJK3-0926-SM-EV7AY,1.0
661,GTEX-1MUQO-0426-SM-E9J2Z,1.0
662,GTEX-1MUQO-0826-SM-EVYCZ,1.0
663,GTEX-1MUQO-2626-SM-EWRO3,1.0
664,GTEX-1N2EF-0326-SM-EYYXC,1.0
665,GTEX-1NSGN-2326-SM-E9U5X,1.0
666,GTEX-1NUQO-0005-SM-DKPP2,1.0
667,GTEX-1NUQO-0726-SM-E9J3K,1.0
668,GTEX-1NV5F-2526-SM-EXUSK,1.0
669,GTEX-1NV8Z-1426-SM-DTX91,1.0
670,GTEX-1O9I2-0226-SM-EYYXD,1.0
671,GTEX-1OFPY-1126-SM-E8VNV,1.0
672,GTEX-1OJC3-1826-SM-DTX93,1.0
673,GTEX-1OJC4-0526-SM-E6CQV,1.0
674,GTEX-1PDJ9-0426-SM-E9J3E,1.0
675,GTEX-1PFEY-1726-SM-DPRZ4,1.0
676,GTEX-1PIGE-0726-SM-DPRZD,1.0
677,GTEX-1PIIG-0326-SM-EVYBV,1.0
678,GTEX-1POEN-0726-SM-DTXDU,1.0
679,GTEX-1PPGY-0926-SM-DTXFF,1.0
680,GTEX-1PPH7-2526-SM-E76OJ,1.0
681,GTEX-1PPH8-0126-SM-EWRN8,1.0
682,GTEX-1QAET-0526-SM-EYYXF,1.0
683,GTEX-1QCLZ-1526-SM-EXUSS,1.0
684,GTEX-1QCLZ-1926-SM-E6CR3,1.0
685,GTEX-1QEPI-0006-SM-CY8GY,1.0
686,GTEX-1QEPI-0226-SM-EWRMR,1.0
687,GTEX-1QP28-0006-SM-DLZQW,1.0
688,GTEX-1QP28-0526-SM-E8VNR,1.0
689,GTEX-1QP29-1826-SM-DTX9S,1.0
690,GTEX-1QP2A-0626-SM-DTX9C,1.0
691,GTEX-1QP66-1726-SM-E8VO1,1.0
692,GTEX-1QP67-0826-SM-EVR46,1.0
693,GTEX-1QP67-1626-SM-EAZ3X,1.0
694,GTEX-1QP6S-2526-SM-DTX9Z,1.0
695,GTEX-1QP9N-0926-SM-E9U5S,1.0
696,GTEX-1QW4Y-1726-SM-EWRN1,1.0
697,GTEX-1R46S-0011-R7b-SM-EXUTH,1.0
698,GTEX-1R46S-0626-SM-E9J41,1.0
699,GTEX-1R7EV-0005-SM-DO938,1.0
700,GTEX-1R7EV-1026-SM-DTX81,1.0
701,GTEX-1R9JW-1626-SM-E76QK,1.0
702,GTEX-1R9K4-1126-SM-E9J4G,1.0
703,GTEX-1R9K4-1326-SM-DTX8G,1.0
704,GTEX-1R9K5-0326-SM-EWRNG,1.0
705,GTEX-1R9K5-1626-SM-E76QB,1.0
706,GTEX-1R9PM-0006-SM-CYPTI,1.0
707,GTEX-1R9PM-0226-SM-DPRY7,1.0
708,GTEX-1R9PM-1026-SM-EVR3N,1.0
709,GTEX-1R9PM-1526-SM-DPRY8,1.0
710,GTEX-1R9PM-2126-SM-E8VOB,1.0
711,GTEX-1R9PN-0226-SM-DTX84,1.0
712,GTEX-1R9PO-2526-SM-EVYBT,1.0
713,GTEX-1RAZA-0006-SM-CKZO9,1.0
714,GTEX-1RAZA-1426-SM-EV79H,1.0
715,GTEX-1RAZQ-0926-SM-EAZ4Q,1.0
716,GTEX-1RAZR-1126-SM-E6CRC,1.0
717,GTEX-1RAZR-1926-SM-E6CRF,1.0
718,GTEX-1RAZS-2626-SM-EV79C,1.0
719,GTEX-1RDX4-0526-SM-EAZ44,1.0
720,GTEX-1RMOY-0126-SM-EWRNN,1.0
721,GTEX-1RMOY-0626-SM-E9TIE,1.0
722,GTEX-1RQED-0926-SM-EWRNZ,1.0
723,GTEX-1S82P-0226-SM-E6CI6,1.0
724,GTEX-1S82P-2026-SM-E9TIQ,1.0
725,GTEX-1S831-1726-SM-EWROJ,1.0
726,GTEX-N7MS-0011-R2a-SM-2HML6,1.0
727,GTEX-N7MS-0011-R3a-SM-33HC6,1.0
728,GTEX-N7MS-0426-SM-2YUN6,1.0
729,GTEX-N7MS-0826-SM-2HML4,1.0
730,GTEX-N7MS-1126-SM-3LK5E,1.0
731,GTEX-NL4W-0011-R8a-SM-2I3G4,1.0
732,GTEX-NPJ8-2626-SM-2D7W2,1.0
733,GTEX-O5YT-1426-SM-3MJHC,1.0
734,GTEX-O5YU-0726-SM-EV792,1.0
735,GTEX-O5YV-0326-SM-2I5H2,1.0
736,GTEX-O5YV-1526-SM-EV799,1.0
737,GTEX-O5YV-2026-SM-2D7VS,1.0
738,GTEX-OHPK-0008-SM-4E3JL,1.0
739,GTEX-OHPK-0426-SM-3MJH3,1.0
740,GTEX-OHPL-2626-SM-2HMJA,1.0
741,GTEX-OHPN-0005-SM-2YUML,1.0
742,GTEX-OHPN-0426-SM-E9TI6,1.0
743,GTEX-OIZG-0926-SM-3LK5Y,1.0
744,GTEX-OIZG-1126-SM-2HMIU,1.0
745,GTEX-OIZG-1326-SM-2HMIQ,1.0
746,GTEX-OOBK-0625-SM-3LK5P,1.0
747,GTEX-OOBK-0726-SM-3LK5Q,1.0
748,GTEX-OOBK-1626-SM-2HMKG,1.0
749,GTEX-OXRK-0626-SM-2HMJ5,1.0
750,GTEX-OXRK-1426-SM-3NB19,1.0
751,GTEX-OXRL-0226-SM-3NB18,1.0
752,GTEX-OXRP-0926-SM-48TC1,1.0
753,GTEX-P44H-0006-SM-2XCFB,1.0
754,GTEX-P44H-0226-SM-2XCEU,1.0
755,GTEX-P4PQ-0126-SM-2S1NM,1.0
756,GTEX-P78B-0826-SM-3NMCA,1.0
757,GTEX-P78B-1626-SM-5SI85,1.0
758,GTEX-PLZ5-1726-SM-2I5F6,1.0
759,GTEX-PLZ6-0008-SM-48TD5,1.0
760,GTEX-PLZ6-1526-SM-2S1OC,1.0
761,GTEX-POMQ-0006-SM-5SI7D,1.0
762,GTEX-POYW-0008-SM-48TE4,1.0
763,GTEX-POYW-0526-SM-2XCEY,1.0
764,GTEX-PSDG-0008-SM-48TE5,1.0
765,GTEX-PW2O-0008-SM-48TEB,1.0
766,GTEX-PWCY-2026-SM-5SI8R,1.0
767,GTEX-PWO3-0011-R3A-SM-2I5EX,1.0
768,GTEX-PWO3-1526-SM-48TCM,1.0
769,GTEX-PX3G-1626-SM-2S1PT,1.0
770,GTEX-Q2AG-2826-SM-2HMJQ,1.0
771,GTEX-Q734-0008-SM-48U2I,1.0
772,GTEX-QDT8-0011-R4A-SM-32PKM,1.0
773,GTEX-QDVJ-0626-SM-48U1T,1.0
774,GTEX-QDVJ-0826-SM-48U1S,1.0
775,GTEX-QDVN-1326-SM-48TZ3,1.0
776,GTEX-QEG4-0926-SM-4R1JO,1.0
777,GTEX-QEG5-0326-SM-2S1PB,1.0
778,GTEX-QEL4-1126-SM-DLZQ4,1.0
779,GTEX-QEL4-1926-SM-D3L8D,1.0
780,GTEX-QESD-0006-SM-2I5G6,1.0
781,GTEX-QESD-0326-SM-47J4F,1.0
782,GTEX-QLQW-1526-SM-2S1QV,1.0
783,GTEX-QMR6-0011-R1A-SM-32PKW,1.0
784,GTEX-QV44-0526-SM-2S1RE,1.0
785,GTEX-QV44-0626-SM-4R1KJ,1.0
786,GTEX-QV44-0826-SM-2S1RG,1.0
787,GTEX-QVUS-0226-SM-3GIJY,1.0
788,GTEX-R3RS-0005-SM-3GAEH,1.0
789,GTEX-R45C-0226-SM-EVYAJ,1.0
790,GTEX-R55D-0626-SM-3GAD5,1.0
791,GTEX-R55E-0526-SM-2TC6B,1.0
792,GTEX-R55E-0826-SM-2TC5M,1.0
793,GTEX-R55G-0926-SM-48FDN,1.0
794,GTEX-R55G-1226-SM-48FDC,1.0
795,GTEX-R55G-2526-SM-2TC6D,1.0
796,GTEX-REY6-0826-SM-2TF4S,1.0
797,GTEX-RNOR-0011-R9A-SM-2TF52,1.0
798,GTEX-RNOR-1226-SM-48FDQ,1.0
799,GTEX-RTLS-1226-SM-46MUP,1.0
800,GTEX-RVPV-0126-SM-EAZAW,1.0
801,GTEX-RWS6-0826-SM-47JXF,1.0
802,GTEX-RWS6-2126-SM-2XCAV,1.0
803,GTEX-S33H-1026-SM-EZ6L6,1.0
804,GTEX-S4P3-1226-SM-4AD4Y,1.0
805,GTEX-S7SE-0011-R5A-SM-2XCDA,1.0
806,GTEX-S7SE-0526-SM-2XCD8,1.0
807,GTEX-S7SF-0226-SM-5SI7H,1.0
808,GTEX-S7SF-1926-SM-4AT5B,1.0
809,GTEX-S95S-1226-SM-4GICG,1.0
810,GTEX-SE5C-1826-SM-2XCE4,1.0
811,GTEX-SIU8-0426-SM-4BRUE,1.0
812,GTEX-SJXC-1426-SM-EYYVB,1.0
813,GTEX-T2IS-0426-SM-32QPE,1.0
814,GTEX-T2IS-0626-SM-32QP6,1.0
815,GTEX-T5JC-0626-SM-3NMA6,1.0
816,GTEX-T6MN-0011-R10A-SM-32QP7,1.0
817,GTEX-T6MO-0006-SM-32QOU,1.0
818,GTEX-T6MO-0526-SM-4DM6R,1.0
819,GTEX-T8EM-0006-SM-3DB71,1.0
820,GTEX-T8EM-0426-SM-4DM7E,1.0
821,GTEX-TKQ1-0126-SM-33HB3,1.0
822,GTEX-TKQ1-0626-SM-4DXTS,1.0
823,GTEX-TMZS-0006-SM-3DB8G,1.0
824,GTEX-TMZS-0226-SM-3DB9N,1.0
825,GTEX-TSE9-0526-SM-3DB7Z,1.0
826,GTEX-TSE9-3026-SM-3DB76,1.0
827,GTEX-U3ZG-0326-SM-47JXN,1.0
828,GTEX-U3ZH-1726-SM-3DB79,1.0
829,GTEX-U3ZH-1926-SM-4DXTR,1.0
830,GTEX-U3ZM-1226-SM-3DB9G,1.0
831,GTEX-U3ZN-0006-SM-3DB7Y,1.0
832,GTEX-U3ZN-0326-SM-3DB86,1.0
833,GTEX-U3ZN-1826-SM-4DXUY,1.0
834,GTEX-U412-0726-SM-EVR2Y,1.0
835,GTEX-U8XE-0626-SM-3DB8U,1.0
836,GTEX-UJMC-1326-SM-4IHLS,1.0
837,GTEX-UPJH-0006-SM-3GACW,1.0
838,GTEX-UPK5-1226-SM-4IHL8,1.0
839,GTEX-UTHO-0006-SM-3NMCC,1.0
840,GTEX-V1D1-0006-SM-3NMCE,1.0
841,GTEX-V1D1-2426-SM-3GAER,1.0
842,GTEX-V955-0426-SM-3GAEL,1.0
843,GTEX-V955-0726-SM-3GAFG,1.0
844,GTEX-V955-2426-SM-3GAEF,1.0
845,GTEX-VJYA-0626-SM-4KL1S,1.0
846,GTEX-VJYA-2026-SM-4KL1K,1.0
847,GTEX-VUSG-0003-SM-3NMDK,1.0
848,GTEX-VUSG-0726-SM-3GIK1,1.0
849,GTEX-VUSG-1226-SM-4KKZF,1.0
850,GTEX-VUSH-0004-SM-3P61T,1.0
851,GTEX-VUSH-0005-SM-3NB2H,1.0
852,GTEX-VUSH-0526-SM-3NB2J,1.0
853,GTEX-W5WG-1926-SM-4KKZK,1.0
854,GTEX-W5WG-2026-SM-4LMIB,1.0
855,GTEX-W5WG-2526-SM-4SOJ2,1.0
856,GTEX-W5X1-0001-SM-3P61V,1.0
857,GTEX-WFG8-0001-SM-4LVN8,1.0
858,GTEX-WFG8-0726-SM-3GILP,1.0
859,GTEX-WFJO-0002-SM-3P61X,1.0
860,GTEX-WFON-0001-SM-3P61W,1.0
861,GTEX-WFON-1426-SM-4LVMT,1.0
862,GTEX-WHSB-0426-SM-4M1XI,1.0
863,GTEX-WHSB-0526-SM-4M1XM,1.0
864,GTEX-WHSE-0011-R7A-SM-3P5YZ,1.0
865,GTEX-WHSE-1126-SM-3NMBU,1.0
866,GTEX-WHWD-1526-SM-4OORV,1.0
867,GTEX-WK11-0926-SM-3NMAU,1.0
868,GTEX-WK11-2726-SM-3NMAQ,1.0
869,GTEX-WOFM-0726-SM-3MJF8,1.0
870,GTEX-WQUQ-0426-SM-3MJFU,1.0
871,GTEX-WQUQ-1326-SM-3MJFF,1.0
872,GTEX-WRHK-0426-SM-4MVOG,1.0
873,GTEX-WWTW-0002-SM-4MVNH,1.0
874,GTEX-WXYG-2026-SM-4E3IY,1.0
875,GTEX-WY7C-2826-SM-3NB3Q,1.0
876,GTEX-WYJK-0005-SM-3NMA1,1.0
877,GTEX-WYJK-2326-SM-4ONDN,1.0
878,GTEX-WZTO-1226-SM-3NMAZ,1.0
879,GTEX-X15G-0526-SM-3NMB7,1.0
880,GTEX-X3Y1-1226-SM-4PQZ8,1.0
881,GTEX-X4EP-0005-SM-3P5ZE,1.0
882,GTEX-X4XY-0006-SM-46MV2,1.0
883,GTEX-X4XY-0626-SM-4E3IN,1.0
884,GTEX-X585-0011-R4B-SM-46MVH,1.0
885,GTEX-X62O-0005-SM-46MV1,1.0
886,GTEX-X88G-0326-SM-47JZ4,1.0
887,GTEX-X8HC-0008-SM-46MU6,1.0
888,GTEX-XBEC-0006-SM-4AT5T,1.0
889,GTEX-XBEC-0626-SM-4QARY,1.0
890,GTEX-XBEC-1226-SM-4AT65,1.0
891,GTEX-XGQ4-2326-SM-4AT53,1.0
892,GTEX-XLM4-0004-SM-4AT5I,1.0
893,GTEX-XMD1-0011-R9A-SM-4AT49,1.0
894,GTEX-XMK1-2526-SM-4B666,1.0
895,GTEX-XOT4-0426-SM-4B66T,1.0
896,GTEX-XQ3S-0126-SM-4BOO9,1.0
897,GTEX-XQ8I-0226-SM-4BOPM,1.0
898,GTEX-XQ8I-2326-SM-4BOQC,1.0
899,GTEX-XUW1-1826-SM-4BOQD,1.0
900,GTEX-XUYS-0005-SM-47JZ2,1.0
901,GTEX-XUZC-2126-SM-4BRW8,1.0
902,GTEX-XV7Q-1026-SM-4BRVR,1.0
903,GTEX-XV7Q-1126-SM-4BRVS,1.0
904,GTEX-XXEK-0008-SM-4BRW7,1.0
905,GTEX-XYKS-0005-SM-4BRUD,1.0
906,GTEX-XYKS-2426-SM-4AT43,1.0
907,GTEX-Y111-0326-SM-4SOIX,1.0
908,GTEX-Y114-0008-SM-4TT8X,1.0
909,GTEX-Y114-0626-SM-4TT98,1.0
910,GTEX-Y3I4-0726-SM-E9J3Y,1.0
911,GTEX-Y3I4-1126-SM-4TT7Y,1.0
912,GTEX-Y3IK-1026-SM-51MR7,1.0
913,GTEX-Y5LM-0226-SM-4VBRM,1.0
914,GTEX-Y5LM-1426-SM-5RQJL,1.0
915,GTEX-Y5V5-0726-SM-4VBPY,1.0
916,GTEX-Y5V5-2326-SM-4V6GA,1.0
917,GTEX-Y5V5-2426-SM-5IFJA,1.0
918,GTEX-Y5V6-2826-SM-4VDSF,1.0
919,GTEX-Y8DK-0004-SM-4RGM7,1.0
920,GTEX-Y8E4-0226-SM-4VBQ3,1.0
921,GTEX-Y8E5-0006-SM-47JWQ,1.0
922,GTEX-Y8E5-0008-SM-57WBA,1.0
923,GTEX-Y9LG-0001-SM-4VBRQ,1.0
924,GTEX-YB5K-0226-SM-5IFJE,1.0
925,GTEX-YB5K-0526-SM-5LUAS,1.0
926,GTEX-YB5K-0626-SM-5LUB5,1.0
927,GTEX-YEC3-0426-SM-CYPS8,1.0
928,GTEX-YEC4-0326-SM-4W216,1.0
929,GTEX-YEC4-2226-SM-5IFJT,1.0
930,GTEX-YFC4-0326-SM-4TT3U,1.0
931,GTEX-YFC4-0426-SM-4TT3J,1.0
932,GTEX-YFCO-0726-SM-5ZZVJ,1.0
933,GTEX-YJ89-0726-SM-5P9F7,1.0
934,GTEX-ZA64-0926-SM-5HL7H,1.0
935,GTEX-ZA64-2026-SM-5PNXT,1.0
936,GTEX-ZAB4-0008-SM-4RGM6,1.0
937,GTEX-ZAB4-0526-SM-5HL7Z,1.0
938,GTEX-ZAB5-0226-SM-5CVMH,1.0
939,GTEX-ZAJG-0926-SM-5Q5AB,1.0
940,GTEX-ZAJG-1526-SM-5CVML,1.0
941,GTEX-ZAK1-3026-SM-5S2MJ,1.0
942,GTEX-ZC5H-1626-SM-5HL7L,1.0
943,GTEX-ZDTS-0226-SM-5HL7Q,1.0
944,GTEX-ZDTT-1326-SM-4WKFH,1.0
945,GTEX-ZDYS-0008-SM-4E3IX,1.0
946,GTEX-ZDYS-2226-SM-5S2MI,1.0
947,GTEX-ZE7O-0008-SM-4E3JQ,1.0
948,GTEX-ZE9C-0011-R4a-SM-4WKH6,1.0
949,GTEX-ZF28-0011-R8a-SM-4WWFW,1.0
950,GTEX-ZF28-0826-SM-4WKGJ,1.0
951,GTEX-ZF29-0726-SM-DO92H,1.0
952,GTEX-ZF2S-0006-SM-4WKHF,1.0
953,GTEX-ZF2S-0826-SM-4WWBI,1.0
954,GTEX-ZF2S-1526-SM-5S2OO,1.0
955,GTEX-ZF3C-0326-SM-4WWBF,1.0
956,GTEX-ZG7Y-2326-SM-DO92L,1.0
957,GTEX-ZGAY-1026-SM-4WWBR,1.0
958,GTEX-ZGAY-1226-SM-DO92W,1.0
959,GTEX-ZLFU-1026-SM-5EQMZ,1.0
960,GTEX-ZLV1-0005-SM-4WWAP,1.0
961,GTEX-ZLV1-1926-SM-5FQSF,1.0
962,GTEX-ZLWG-0004-SM-4WWD5,1.0
963,GTEX-ZP4G-1726-SM-4WWCM,1.0
964,GTEX-ZPCL-0426-SM-DNZZ4,1.0
965,GTEX-ZPCL-1426-SM-57WEC,1.0
966,GTEX-ZPCL-2026-SM-57WFD,1.0
967,GTEX-ZPCL-2126-SM-57WFZ,1.0
968,GTEX-ZPIC-0326-SM-DO91U,1.0
969,GTEX-ZPIC-2526-SM-57WDP,1.0
970,GTEX-ZPU1-0526-SM-4YCDA,1.0
971,GTEX-ZQG8-1626-SM-DHXIT,1.0
972,GTEX-ZQUD-0008-SM-4YCCU,1.0
973,GTEX-ZTSS-0226-SM-59877,1.0
974,GTEX-ZTTD-1426-SM-4YCEX,1.0
975,GTEX-ZTX8-0326-SM-59HLA,1.0
976,GTEX-ZTX8-1826-SM-5N9E5,1.0
977,GTEX-ZU9S-1826-SM-5NQ9E,1.0
978,GTEX-ZV6S-0226-SM-59HJT,1.0
979,GTEX-ZV6S-1126-SM-57WE9,1.0
980,GTEX-ZV7C-0326-SM-57WB1,1.0
981,GTEX-ZV7C-2426-SM-5NQ7Q,1.0
982,GTEX-ZVE1-0526-SM-5NQ71,1.0
983,GTEX-ZVP2-0226-SM-57WBD,1.0
984,GTEX-ZVT2-0126-SM-5GIDQ,1.0
985,GTEX-ZVT2-0926-SM-5GICE,1.0
986,GTEX-ZVT2-2626-SM-51MTD,1.0
987,GTEX-ZVT4-2426-SM-5GIEI,1.0
988,GTEX-ZVTK-0003-SM-51MRV,1.0
989,GTEX-ZVZP-0008-SM-51MSX,1.0
990,GTEX-ZVZQ-0006-SM-51MR8,1.0
991,GTEX-ZVZQ-0726-SM-51MR3,1.0
992,GTEX-ZWKS-0626-SM-5GIDV,1.0
993,GTEX-ZXG5-0926-SM-5NQ8H,1.0
994,GTEX-ZY6K-1326-SM-5GZWP,1.0
995,GTEX-ZYFG-0126-SM-5GIDH,1.0
996,GTEX-ZYFG-1826-SM-5GZWX,1.0
997,GTEX-ZYT6-0826-SM-5E43I,1.0
998,GTEX-ZYT6-2826-SM-5GICX,1.0
999,GTEX-ZYY3-2226-SM-5E45A,1.0
