"","x"
"GTEX-1KWVE-2326-SM-D4P3N",1
"GTEX-1H23P-0011-R6b-SM-A9G1H",1
"GTEX-14C39-0011-R5b-SM-5ZZV1",1
"GTEX-1H23P-2926-SM-9WYU8",1
"GTEX-13N2G-0011-R10a-SM-5MR34",1
"GTEX-13NZA-0011-R1b-SM-5LUAF",1
"GTEX-1A8G6-0011-R6b-SM-7P8PE",1
"GTEX-13S7M-0011-R9a-SM-5O9DW",1
"GTEX-1HBPM-0011-R9b-SM-ARL7C",1
"GTEX-1A3MX-0011-R1b-SM-7P8PH",1
"GTEX-1445S-0011-R7b-SM-5PNUG",1
"GTEX-Q2AG-2826-SM-2HMJQ",1
"GTEX-1LG7Y-0011-R5a-SM-EZ6MU",1
"GTEX-N7MS-0011-R2a-SM-2HML6",1
"GTEX-1E2YA-0011-R8a-SM-CKZNG",1
"GTEX-14BIM-0011-R11b-SM-5S2RN",1
"GTEX-13CF2-0011-R11b-SM-5LZXO",1
"GTEX-1LH75-0011-R2b-SM-EYYWQ",1
"GTEX-1JMLX-0011-R6b-SM-EXUT9",1
"GTEX-QMR6-0011-R1A-SM-32PKW",1
"GTEX-1IDJH-3126-SM-C1YQS",1
"GTEX-1313W-0011-R3a-SM-5EGLI",1
"GTEX-1F75A-0011-R5a-SM-ARZMJ",1
"GTEX-15CHQ-0011-R5b-SM-6AJAN",1
"GTEX-X585-0011-R4B-SM-46MVH",1
"GTEX-1GZHY-0011-R11a-SM-C1YRQ",1
"GTEX-1MA7X-0011-R6a-SM-EYYWR",1
"GTEX-1EX96-0011-R5a-SM-ARU83",1
"GTEX-15UF6-0011-R1a-SM-9QEGH",1
"GTEX-1CB4G-0011-R10a-SM-9QEHS",1
"GTEX-11DXW-0011-R5b-SM-DO11D",1
"GTEX-1GF9W-2626-SM-7P8TA",1
"GTEX-14753-0011-R8b-SM-5S2U1",1
"GTEX-NL4W-0011-R8a-SM-2I3G4",1
"GTEX-11DYG-0011-R5a-SM-DO928",1
"GTEX-QDT8-0011-R4A-SM-32PKM",1
"GTEX-1HFI6-0011-R11b-SM-A96RU",1
"GTEX-1LB8K-0011-R6a-SM-EXURT",1
"GTEX-14PN4-0011-R11a-SM-686ZW",1
"GTEX-1B8L1-0011-R3a-SM-7EPIO",1
"GTEX-1B8L1-3026-SM-7EPHK",1
"GTEX-1GZHY-0011-R8b-SM-9OSWK",1
"GTEX-11OF3-0011-R6b-SM-57WBG",1
"GTEX-11PRG-0011-R4a-SM-DNZZR",1
"GTEX-13NZA-0011-R11b-SM-5KM4W",1
"GTEX-13OW5-0011-R8a-SM-5L3GQ",1
"GTEX-13OW6-0011-R10a-SM-5L3HE",1
"GTEX-TSE9-3026-SM-3DB76",1
"GTEX-14C5O-0011-R8a-SM-5YYAG",1
"GTEX-1H23P-0011-R3b-SM-CL54S",1
"GTEX-1F75W-0011-R11b-SM-AHZ34",1
"GTEX-1I1GV-0011-R2a-SM-ARZLF",1
"GTEX-1I1CD-0011-R7a-SM-CMKHA",1
"GTEX-NPJ8-2626-SM-2D7W2",1
"GTEX-ZAK1-3026-SM-5S2MJ",1
"GTEX-14BIM-0011-R1a-SM-69LQI",1
"GTEX-RNOR-0011-R9A-SM-2TF52",1
"GTEX-1EMGI-0011-R5a-SM-CJI2E",1
"GTEX-XMD1-0011-R9A-SM-4AT49",1
"GTEX-13X6I-0011-R4b-SM-5PNU9",1
"GTEX-1IKK5-0011-R8b-SM-CJI45",1
"GTEX-1C6WA-3026-SM-7P8RQ",1
"GTEX-16NPV-0011-R9b-SM-79ONF",1
"GTEX-1HR9M-0011-R10a-SM-CM2SU",1
"GTEX-13RTJ-0011-R3a-SM-5PNX7",1
"GTEX-13FHP-0011-R5b-SM-5LZY2",1
"GTEX-131YS-0011-R11b-SM-5EGLM",1
"GTEX-14LLW-0011-R5b-SM-5ZZU6",1
"GTEX-1JMPZ-0011-R3a-SM-EYYWX",1
"GTEX-13G51-0011-R11b-SM-5J2NE",1
"GTEX-ZF28-0011-R8a-SM-4WWFW",1
"GTEX-1HBPI-0011-R8a-SM-A9G1S",1
"GTEX-12WSM-0011-R1a-SM-5LZW6",1
"GTEX-1F48J-2726-SM-7P8PW",1
"GTEX-1JJEA-0011-R11a-SM-EXUTE",1
"GTEX-14E7W-2926-SM-5S2R8",1
"GTEX-13SLX-0011-R4a-SM-5O9BJ",1
"GTEX-13OVJ-0011-R8b-SM-5L3FS",1
"GTEX-1E1VI-0011-R5b-SM-9WG5V",1
"GTEX-15DCD-0011-R8b-SM-7KUEF",1
"GTEX-1IKK5-0011-R3b-SM-C1YRY",1
"GTEX-14E7W-0011-R3b-SM-5YYB5",1
"GTEX-T6MN-0011-R10A-SM-32QP7",1
"GTEX-15CHQ-0011-R1a-SM-COH27",1
"GTEX-11EI6-2926-SM-5985U",1
"GTEX-1R46S-0011-R7b-SM-EXUTH",1
"GTEX-N7MS-0011-R3a-SM-33HC6",1
"GTEX-13OW6-0011-R4a-SM-5O9DX",1
"GTEX-13OVJ-0011-R7a-SM-5L3G1",1
"GTEX-WHSE-0011-R7A-SM-3P5YZ",1
"GTEX-16GPK-0011-R11b-SM-7MKFF",1
"GTEX-11EI6-0011-R8a-SM-DO93M",1
"GTEX-1445S-0011-R6b-SM-5PNUF",1
"GTEX-S7SE-0011-R5A-SM-2XCDA",1
"GTEX-147GR-0011-R2b-SM-5S2RQ",1
"GTEX-15SHU-0011-R3a-SM-7IGPS",1
"GTEX-13FHP-0011-R1b-SM-5K7XL",1
"GTEX-PWO3-0011-R3A-SM-2I5EX",1
"GTEX-ZE9C-0011-R4a-SM-4WKH6",1
"GTEX-14E7W-0011-R10a-SM-5YYAX",1
"GTEX-1GF9W-0326-SM-9KNUN",2
"GTEX-11DXW-0008-SM-5Q59V",3
"GTEX-17GQL-2026-SM-718BA",2
"GTEX-11EI6-0126-SM-5985R",2
"GTEX-1F6IF-0726-SM-7P8TW",2
"GTEX-1QP67-1626-SM-EAZ3X",1
"GTEX-1GN1W-0526-SM-9MQJQ",2
"GTEX-PWO3-1526-SM-48TCM",2
"GTEX-ZVT4-2426-SM-5GIEI",2
"GTEX-14E6C-2426-SM-5S2NF",2
"GTEX-ZVT2-0126-SM-5GIDQ",2
"GTEX-11LCK-0008-SM-5Q5BB",3
"GTEX-Y5V5-2326-SM-4V6GA",2
"GTEX-1I1GU-2226-SM-CGQFA",2
"GTEX-13OVH-0126-SM-5MR4B",2
"GTEX-1JN6P-2926-SM-CL54D",2
"GTEX-P4PQ-0126-SM-2S1NM",2
"GTEX-1JMPY-1326-SM-ARL8Y",2
"GTEX-WQUQ-0426-SM-3MJFU",2
"GTEX-13FHP-0126-SM-5IJBG",2
"GTEX-ZAJG-1526-SM-5CVML",2
"GTEX-PW2O-0008-SM-48TEB",3
"GTEX-1QP29-1826-SM-DTX9S",2
"GTEX-1HFI7-1826-SM-ACKXH",2
"GTEX-18A7A-0126-SM-731AH",2
"GTEX-1GZ4H-0526-SM-9KNU9",2
"GTEX-111VG-1626-SM-5EGIO",2
"GTEX-1C6WA-0126-SM-7PC2B",2
"GTEX-16YQH-0126-SM-7DUFJ",2
"GTEX-WK11-2726-SM-3NMAQ",2
"GTEX-13OVI-1426-SM-5L3EY",2
"GTEX-1B97I-0626-SM-73KUZ",2
"GTEX-1IGQW-0126-SM-COH42",2
"GTEX-11LCK-1026-SM-5A5KB",2
"GTEX-S33H-1026-SM-EZ6L6",2
"GTEX-1I1GR-0126-SM-CL55F",2
"GTEX-1F6RS-2026-SM-7RHHC",2
"GTEX-183WM-0326-SM-72D5V",2
"GTEX-1GMRU-0126-SM-9YFLV",2
"GTEX-11OC5-0008-SM-5S2OH",3
"GTEX-XXEK-0008-SM-4BRW7",3
"GTEX-1GF9X-0008-SM-EAZCX",3
"GTEX-1A3MX-0008-SM-EAZDB",3
"GTEX-ZQG8-1626-SM-DHXIT",2
"GTEX-1R46S-0626-SM-E9J41",2
"GTEX-12BJ1-0008-SM-5TDBZ",3
"GTEX-1B8KZ-0326-SM-73KY4",2
"GTEX-13113-5016-SM-7EPIP",2
"GTEX-ZDYS-0008-SM-4E3IX",3
"GTEX-PSDG-0008-SM-48TE5",3
"GTEX-Q734-0008-SM-48U2I",3
"GTEX-1GN73-0226-SM-9WG67",2
"GTEX-RVPV-0126-SM-EAZAW",2
"GTEX-14PHX-2326-SM-62LEM",2
"GTEX-POYW-0008-SM-48TE4",3
"GTEX-15SB6-0008-SM-EAZCE",3
"GTEX-Y8E5-0008-SM-57WBA",3
"GTEX-117YW-0008-SM-5QGRD",3
"GTEX-1GMR3-0008-SM-EAZD2",3
"GTEX-ZE7O-0008-SM-4E3JQ",3
"GTEX-18A6Q-0626-SM-7KFRP",2
"GTEX-1CB4I-0226-SM-79OLH",2
"GTEX-1PPH8-0126-SM-EWRN8",2
"GTEX-11O72-0008-SM-5Q5DN",3
"GTEX-ZWKS-0626-SM-5GIDV",2
"GTEX-1HC8U-1326-SM-9YFMJ",2
"GTEX-131XW-0008-SM-664MJ",3
"GTEX-ZQUD-0008-SM-4YCCU",3
"GTEX-17HHY-0008-SM-EAZBE",3
"GTEX-OHPK-0008-SM-4E3JL",3
"GTEX-PLZ6-0008-SM-48TD5",3
"GTEX-ZAB4-0008-SM-4RGM6",3
"GTEX-1IDJU-2626-SM-CM2RT",2
"GTEX-1HSMQ-2626-SM-A9SML",2
"GTEX-11GS4-0226-SM-5HL77",2
"GTEX-1LGRB-0926-SM-COH3K",2
"GTEX-11VI4-1726-SM-5CVLH",2
"GTEX-X8HC-0008-SM-46MU6",3
"GTEX-13OVL-0126-SM-5L3GJ",2
"GTEX-1F75W-0008-SM-EAZCU",3
"GTEX-Y114-0008-SM-4TT8X",3
"GTEX-1BAJH-0526-SM-793CQ",2
"GTEX-ZU9S-1826-SM-5NQ9E",4
"GTEX-145LS-0126-SM-5QGP1",2
"GTEX-11EI6-2826-SM-5H11D",2
"GTEX-14JFF-0626-SM-5ZZVT",2
"GTEX-1QP66-1726-SM-E8VO1",2
"GTEX-1313W-0008-SM-5YYAP",3
"GTEX-1K2DA-1826-SM-CGQGT",2
"GTEX-S95S-1226-SM-4GICG",2
"GTEX-R55G-2526-SM-2TC6D",2
"GTEX-P44H-0226-SM-2XCEU",2
"GTEX-1O9I2-0226-SM-EYYXD",2
"GTEX-11H98-0126-SM-5EGHG",2
"GTEX-WXYG-2026-SM-4E3IY",2
"GTEX-145MI-0526-SM-5O9A8",2
"GTEX-ZVZP-0008-SM-51MSX",3
"GTEX-1I1GP-0008-SM-EXUT6",3
"GTEX-1MCC2-1826-SM-DIPEX",2
"GTEX-12ZZZ-0008-SM-5YY9S",3
"GTEX-WHSB-0426-SM-4M1XI",2
"GTEX-YB5K-0626-SM-5LUB5",1
"GTEX-15UF6-2226-SM-6M471",1
"GTEX-1I6K6-2026-SM-CGQFE",1
"GTEX-17MF6-1526-SM-7MGW8",4
"GTEX-131XG-0926-SM-5LZW5",5
"GTEX-R55G-0926-SM-48FDN",4
"GTEX-1KANA-0626-SM-D4P3I",2
"GTEX-1HBPN-1426-SM-9WPNO",1
"GTEX-ZTTD-1426-SM-4YCEX",1
"GTEX-1R9PM-1026-SM-EVR3N",1
"GTEX-1E1VI-1626-SM-7EPIL",1
"GTEX-1AX8Z-1826-SM-73KW6",1
"GTEX-14E1K-1226-SM-5S2PD",2
"GTEX-13FTW-1626-SM-5KM4N",2
"GTEX-132Q8-1826-SM-5EGIY",2
"GTEX-1J8QM-1926-SM-AHZ3Z",2
"GTEX-U3ZN-1826-SM-4DXUY",1
"GTEX-UPK5-1226-SM-4IHL8",2
"GTEX-1R9K5-1626-SM-E76QB",1
"GTEX-13OVI-2626-SM-5KM4T",2
"GTEX-1QP9N-0926-SM-E9U5S",2
"GTEX-1RAZS-2626-SM-EV79C",2
"GTEX-148VI-1226-SM-5RQJR",1
"GTEX-1B97J-1426-SM-79OLR",1
"GTEX-YFCO-0726-SM-5ZZVJ",1
"GTEX-139TU-1326-SM-5LZXW",1
"GTEX-1JMPZ-1926-SM-E9TIT",1
"GTEX-13RTK-0626-SM-5Q5EK",1
"GTEX-T6MO-0526-SM-4DM6R",2
"GTEX-SJXC-1426-SM-EYYVB",2
"GTEX-11P82-0526-SM-5986P",2
"GTEX-OXRP-0926-SM-48TC1",2
"GTEX-13O61-0926-SM-5IFFE",2
"GTEX-13111-0826-SM-5LZV3",2
"GTEX-RWS6-0826-SM-47JXF",2
"GTEX-QDVJ-0826-SM-48U1S",1
"GTEX-1GZ2Q-2926-SM-7PBZL",1
"GTEX-1CB4J-2426-SM-7MXVC",2
"GTEX-ZLFU-1026-SM-5EQMZ",1
"GTEX-1LBAC-1226-SM-DHXK1",2
"GTEX-1GMR2-1626-SM-9JGHL",4
"GTEX-1A3MV-1526-SM-731BO",1
"GTEX-1IDFM-1126-SM-A96SY",2
"GTEX-OIZG-0926-SM-3LK5Y",1
"GTEX-117YW-1926-SM-5H121",2
"GTEX-OOBK-0625-SM-3LK5P",2
"GTEX-14PJ5-0626-SM-6LLIJ",1
"GTEX-ZDTT-1326-SM-4WKFH",2
"GTEX-14ICK-2026-SM-6AJB2",2
"GTEX-12WSN-5013-SM-7P8P9",2
"GTEX-XV7Q-1126-SM-4BRVS",2
"GTEX-1ICG6-2126-SM-CE6T2",1
"GTEX-15F5U-5010-SM-AHZ2D",2
"GTEX-VUSG-1226-SM-4KKZF",2
"GTEX-ZTX8-0326-SM-59HLA",1
"GTEX-1F5PL-1126-SM-7P8SH",1
"GTEX-1QCLZ-1526-SM-EXUSS",1
"GTEX-1LVA9-2426-SM-EWROM",1
"GTEX-13JVG-2026-SM-5KM1N",2
"GTEX-144GN-0626-SM-5O9B2",2
"GTEX-OXRK-1426-SM-3NB19",1
"GTEX-14PJ2-2726-SM-5ZZVZ",1
"GTEX-OOBK-0726-SM-3LK5Q",1
"GTEX-ZPCL-1426-SM-57WEC",2
"GTEX-13OVI-2526-SM-5KM4V",1
"GTEX-1B8KZ-0626-SM-73KWE",1
"GTEX-1JMPZ-2026-SM-C1YR8",2
"GTEX-11I78-1426-SM-5PNVY",1
"GTEX-13O21-0826-SM-5J2NU",1
"GTEX-1J8QM-0826-SM-CJI2P",1
"GTEX-1RAZA-1426-SM-EV79H",1
"GTEX-N7MS-1126-SM-3LK5E",1
"GTEX-1QP67-0826-SM-EVR46",1
"GTEX-ZGAY-1226-SM-DO92W",1
"GTEX-WRHK-0426-SM-4MVOG",1
"GTEX-15FZZ-1326-SM-6PANN",1
"GTEX-WHSB-0526-SM-4M1XM",1
"GTEX-1KANA-0526-SM-DIPF9",1
"GTEX-11LCK-1626-SM-5PNYB",1
"GTEX-1NV8Z-1426-SM-DTX91",1
"GTEX-1LB8K-1326-SM-CXZKB",2
"GTEX-12WSA-1426-SM-5EGJU",2
"GTEX-VJYA-0626-SM-4KL1S",1
"GTEX-146FR-0426-SM-5SI97",2
"GTEX-X3Y1-1226-SM-4PQZ8",1
"GTEX-XV7Q-1026-SM-4BRVR",1
"GTEX-15UKP-2026-SM-6LPIC",1
"GTEX-15RIF-0826-SM-6M47C",2
"GTEX-RNOR-1226-SM-48FDQ",2
"GTEX-14BIL-1826-SM-7DUEO",1
"GTEX-11LCK-1726-SM-5S2OQ",2
"GTEX-RTLS-1226-SM-46MUP",1
"GTEX-1HT8W-2026-SM-CNNQC",1
"GTEX-1EU9M-2326-SM-7MKGS",2
"GTEX-111CU-0626-SM-5EGHL",1
"GTEX-1LVAN-2326-SM-CNNPY",2
"GTEX-1LG7Y-1626-SM-D4P24",1
"GTEX-1HCU8-2226-SM-9WPOV",2
"GTEX-1R9JW-1626-SM-E76QK",1
"GTEX-145MO-1226-SM-5QGPC",1
"GTEX-U3ZH-1726-SM-3DB79",1
"GTEX-13D11-2726-SM-5K7V7",1
"GTEX-1B97J-0526-SM-793C2",1
"GTEX-T8EM-0426-SM-4DM7E",1
"GTEX-13YAN-1526-SM-5LU3E",1
"GTEX-QDVJ-0626-SM-48U1T",1
"GTEX-S7SE-0526-SM-2XCD8",1
"GTEX-11DXZ-0426-SM-5987Y",1
"GTEX-17F9E-1226-SM-7EWDG",1
"GTEX-1JKYN-0226-SM-ARL9H",1
"GTEX-Y5LM-0226-SM-4VBRM",1
"GTEX-1QAET-0526-SM-EYYXF",1
"GTEX-12WSN-2726-SM-5LZUK",1
"GTEX-WHSE-1126-SM-3NMBU",1
"GTEX-1JK1U-2326-SM-CNPOV",1
"GTEX-13O3O-1126-SM-5KM4Q",1
"GTEX-18QFQ-0526-SM-718AV",1
"GTEX-13FH7-0326-SM-5J1MR",1
"GTEX-1AYCT-0326-SM-73KVN",1
"GTEX-13OW8-1826-SM-5L3H1",1
"GTEX-18D9A-1626-SM-7LG5Q",1
"GTEX-ZG7Y-2326-SM-DO92L",1
"GTEX-14E7W-0526-SM-5S2W8",1
"GTEX-WY7C-2826-SM-3NB3Q",1
"GTEX-1I1GP-0926-SM-COH3O",1
"GTEX-1HB9E-0926-SM-COH3D",1
"GTEX-1R9PN-0226-SM-DTX84",1
"GTEX-13FTY-0426-SM-5IJC2",1
"GTEX-ZTX8-1826-SM-5N9E5",1
"GTEX-QESD-0326-SM-47J4F",1
"GTEX-QEL4-1126-SM-DLZQ4",1
"GTEX-ZLV1-1926-SM-5FQSF",1
"GTEX-12WSK-0426-SM-5GCNS",1
"GTEX-1C6WA-0426-SM-7PC2C",1
"GTEX-VUSH-0526-SM-3NB2J",1
"GTEX-U8XE-0626-SM-3DB8U",1
"GTEX-13RTJ-2626-SM-7DHKR",1
"GTEX-QEG4-0926-SM-4R1JO",1
"GTEX-1IDJC-0426-SM-B2LW1",1
"GTEX-SIU8-0426-SM-4BRUE",1
"GTEX-14ICL-1826-SM-5RQIY",1
"GTEX-1GZ4H-0726-SM-9WG6X",1
"GTEX-1OFPY-1126-SM-E8VNV",1
"GTEX-XOT4-0426-SM-4B66T",1
"GTEX-13FH7-0426-SM-5KM4M",1
"GTEX-13FXS-1126-SM-5IJBB",1
"GTEX-QV44-0626-SM-4R1KJ",1
"GTEX-1LNCM-0326-SM-DIPF5",1
"GTEX-ZYT6-0826-SM-5E43I",1
"GTEX-1I1GU-1926-SM-ADEHK",1
"GTEX-1269C-2826-SM-5EQ5O",1
"GTEX-1A8G7-0426-SM-731B5",1
"GTEX-12WSN-0326-SM-5GCP6",1
"GTEX-QLQW-1526-SM-2S1QV",1
"GTEX-Y5V6-2826-SM-4VDSF",1
"GTEX-1JMQI-0226-SM-ARZN3",1
"GTEX-ZVT2-2626-SM-51MTD",1
"GTEX-ZPU1-0526-SM-4YCDA",1
"GTEX-13RTK-0126-SM-5RQHQ",1
"GTEX-15ER7-1426-SM-6PAMA",1
"GTEX-XMK1-2526-SM-4B666",1
"GTEX-1J8Q3-1026-SM-CGQED",1
"GTEX-1CB4F-0726-SM-793AO",1
"GTEX-1M4P7-0426-SM-DKPQG",1
"GTEX-14C38-1226-SM-5S2UK",1
"GTEX-ZPIC-0326-SM-DO91U",1
"GTEX-1MUQO-0426-SM-E9J2Z",1
"GTEX-O5YU-0726-SM-EV792",1
"GTEX-13VXU-1926-SM-5LU5J",1
"GTEX-1N2EF-0326-SM-EYYXC",1
"GTEX-1GL5R-2126-SM-9WYTK",1
"GTEX-1R9PO-2526-SM-EVYBT",1
"GTEX-1RDX4-0526-SM-EAZ44",1
"GTEX-16AAH-1926-SM-7LG4C",1
"GTEX-12WSE-1126-SM-7DUEH",1
"GTEX-13O21-2926-SM-5J1OU",1
"GTEX-11DXZ-2626-SM-59882",1
"GTEX-15SHV-0826-SM-7KUFA",1
"GTEX-1LBAC-0526-SM-D3L9S",1
"GTEX-OHPK-0426-SM-3MJH3",1
"GTEX-YFC4-0326-SM-4TT3U",1
"GTEX-P78B-0826-SM-3NMCA",1
"GTEX-12WSL-2626-SM-5GCNV",1
"GTEX-14B4R-2026-SM-5QGQL",1
"GTEX-1R9K4-1126-SM-E9J4G",5
"GTEX-14AS3-0526-SM-5QGQQ",1
"GTEX-13D11-1426-SM-5K7Y9",1
"GTEX-ZAB4-0526-SM-5HL7Z",1
"GTEX-Y8E4-0226-SM-4VBQ3",1
"GTEX-11EM3-0226-SM-5985Y",1
"GTEX-13O1R-1026-SM-5KM2L",1
"GTEX-13G51-2926-SM-5IJDL",1
"GTEX-147F4-0126-SM-5QGPV",1
"GTEX-XQ3S-0126-SM-4BOO9",1
"GTEX-1HCU8-1526-SM-ADEHG",1
"GTEX-ZYFG-0126-SM-5GIDH",1
"GTEX-113IC-0426-SM-5HL5O",1
"GTEX-1H3NZ-1226-SM-9MQKT",1
"GTEX-OHPN-0426-SM-E9TI6",1
"GTEX-1R7EV-1026-SM-DTX81",1
"GTEX-1LG7Y-0426-SM-DKPQB",1
"GTEX-1F52S-0226-SM-7SB7U",1
"GTEX-1I1GQ-1026-SM-CNNQS",1
"GTEX-ZVP2-0226-SM-57WBD",1
"GTEX-1128S-2126-SM-5H12U",1
"GTEX-1HKZK-1726-SM-ADEJ9",4
"GTEX-1HCU8-0726-SM-ADEIR",1
"GTEX-13N1W-1226-SM-5K7UM",1
"GTEX-1JKYN-0526-SM-CGQG3",1
"GTEX-1NV5F-2526-SM-EXUSK",1
"GTEX-16NGA-1826-SM-7LG5L",1
"GTEX-13X6I-1526-SM-5SIAC",1
"GTEX-11P81-2426-SM-5GU65",1
"GTEX-1IY9M-0226-SM-CMKHP",1
"GTEX-1I1GV-0426-SM-ARZLX",1
"GTEX-1B8KZ-1926-SM-7DUG8",1
"GTEX-14ICK-0326-SM-6LLIZ",1
"GTEX-13S86-0926-SM-5SI6I",1
"GTEX-11O72-0226-SM-59869",1
"GTEX-1HCU6-0226-SM-CGQES",1
"GTEX-QEG5-0326-SM-2S1PB",1
"GTEX-1S82P-0226-SM-E6CI6",1
"GTEX-1497J-2326-SM-5NQBK",1
"GTEX-111YS-2426-SM-5GZZQ",1
"GTEX-1EMGI-0226-SM-9MQL1",1
"GTEX-1GMR8-0226-SM-9YFL3",1
"GTEX-1HR9M-0226-SM-COH3E",1
"GTEX-1128S-0926-SM-5GZZU",1
"GTEX-1IDJU-2526-SM-CMKGF",1
"GTEX-147F3-0626-SM-5NQ9I",1
"GTEX-12BJ1-0826-SM-5EQ5P",4
"GTEX-1ICLZ-0226-SM-CKZPP",1
"GTEX-18A7A-0326-SM-731AT",1
"GTEX-1AMEY-1426-SM-7939I",1
"GTEX-1GN73-0326-SM-9KNTW",1
"GTEX-11PRG-0626-SM-5BC56",1
"GTEX-1LG7Z-2026-SM-DLHBP",1
"GTEX-WOFM-0726-SM-3MJF8",1
"GTEX-11EQ8-0226-SM-5EQ5G",1
"GTEX-13NZA-0126-SM-5K7UH",1
"GTEX-1GF9W-1026-SM-7SB8X",1
"GTEX-1I4MK-0726-SM-ACKWC",1
"GTEX-1H23P-0226-SM-9YFLO",1
"GTEX-1PDJ9-0426-SM-E9J3E",1
"GTEX-1I19N-0426-SM-ACKVY",1
"GTEX-1AYD5-2326-SM-73KXF",1
"GTEX-ZA64-0926-SM-5HL7H",1
"GTEX-1R9PM-2126-SM-E8VOB",1
"GTEX-OXRL-0226-SM-3NB18",1
"GTEX-18D9U-0726-SM-7LG5J",1
"GTEX-1A8G6-2026-SM-73KYC",1
"GTEX-17MFQ-1826-SM-7DHLS",1
"GTEX-1QEPI-0226-SM-EWRMR",1
"GTEX-ZPCL-2126-SM-57WFZ",1
"GTEX-11GS4-2626-SM-5A5LD",1
"GTEX-1I6K6-0226-SM-ADEID",1
"GTEX-W5WG-2526-SM-4SOJ2",1
"GTEX-12WSC-1726-SM-5GCN3",1
"GTEX-Y5V5-2426-SM-5IFJA",1
"GTEX-13N2G-1926-SM-5J1O3",1
"GTEX-1IDJH-1626-SM-A9SLP",1
"GTEX-1MUQO-0826-SM-EVYCZ",1
"GTEX-18D9U-0426-SM-731AN",1
"GTEX-Y3I4-0726-SM-E9J3Y",1
"GTEX-1212Z-2426-SM-5EQ5D",1
"GTEX-131XF-2226-SM-5EQKG",1
"GTEX-13U4I-0226-SM-5SIB1",1
"GTEX-17F9Y-0726-SM-7LT9G",1
"GTEX-1JKYN-1226-SM-CGQG8",1
"GTEX-1CB4J-1126-SM-7PBY1",1
"GTEX-1GF9U-1226-SM-ARL9I",1
"GTEX-1CAMR-1826-SM-7MXUJ",1
"GTEX-1B933-1326-SM-7939U",1
"GTEX-13N1W-0226-SM-5K7W6",1
"GTEX-1GL5R-0726-SM-9MQL5",1
"GTEX-133LE-1926-SM-5N9FV",1
"GTEX-1I1CD-0226-SM-CM2TL",1
"GTEX-TMZS-0226-SM-3DB9N",1
"GTEX-13SLW-0226-SM-5S2NA",1
"GTEX-1L5NE-2626-SM-E9U6P",1
"GTEX-17HHY-1026-SM-7LG5E",1
"GTEX-ZF2S-1526-SM-5S2OO",1
"GTEX-ZDTS-0226-SM-5HL7Q",1
"GTEX-ZDYS-2226-SM-5S2MI",1
"GTEX-1PIIG-0326-SM-EVYBV",1
"GTEX-1HSEH-0226-SM-ACKVV",1
"GTEX-18D9A-2026-SM-718BL",1
"GTEX-1HBPN-1526-SM-9WYSB",1
"GTEX-1F6RS-0226-SM-9MQKO",1
"GTEX-ZC5H-1626-SM-5HL7L",1
"GTEX-R45C-0226-SM-EVYAJ",1
"GTEX-1B97J-1126-SM-7SB79",1
"GTEX-11VI4-1226-SM-5EQMP",1
"GTEX-131XW-0526-SM-5PNXZ",1
"GTEX-1F5PK-2526-SM-9MQKN",1
"GTEX-13FTY-0626-SM-5L3F8",1
"GTEX-1B97I-1726-SM-7939V",1
"GTEX-11ZTT-2526-SM-5EQM9",1
"GTEX-13OVG-1326-SM-5K7Y3",1
"GTEX-VUSH-0004-SM-3P61T",3
"GTEX-ZLV1-0005-SM-4WWAP",6
"GTEX-12WSD-0005-SM-5N9FZ",6
"GTEX-ZF2S-0006-SM-4WKHF",6
"GTEX-W5X1-0001-SM-3P61V",3
"GTEX-1GN1W-0006-SM-A9SKL",6
"GTEX-132NY-0005-SM-5O9AC",6
"GTEX-WFON-0001-SM-3P61W",3
"GTEX-1FIGZ-0001-SM-EAZCM",3
"GTEX-1NUQO-0005-SM-DKPP2",6
"GTEX-1C6VQ-0005-SM-7P8OR",6
"GTEX-VUSH-0005-SM-3NB2H",6
"GTEX-T6MO-0006-SM-32QOU",6
"GTEX-1IKOH-0001-SM-EAZDF",3
"GTEX-1IDJC-0005-SM-A9G1C",6
"GTEX-XYKS-0005-SM-4BRUD",6
"GTEX-WFJO-0002-SM-3P61X",3
"GTEX-X4EP-0005-SM-3P5ZE",6
"GTEX-UTHO-0006-SM-3NMCC",6
"GTEX-1GZHY-0005-SM-ARZL6",6
"GTEX-XBEC-0006-SM-4AT5T",6
"GTEX-R3RS-0005-SM-3GAEH",6
"GTEX-13OW8-0005-SM-5NQAC",6
"GTEX-14E7W-0006-SM-5N9GG",6
"GTEX-1J8Q3-0005-SM-CNNOY",6
"GTEX-OHPN-0005-SM-2YUML",6
"GTEX-1EX96-0006-SM-ARU6J",6
"GTEX-ZVTK-0003-SM-51MRV",3
"GTEX-18A7A-0006-SM-7PC1P",6
"GTEX-15DZA-0005-SM-9JGFP",7
"GTEX-ZVZQ-0006-SM-51MR8",6
"GTEX-1H1DG-0006-SM-ARZL4",6
"GTEX-13JUV-0006-SM-5NQ97",6
"GTEX-11NV4-0005-SM-5N9EX",6
"GTEX-Y8E5-0006-SM-47JWQ",6
"GTEX-ZLWG-0004-SM-4WWD5",3
"GTEX-14PJ5-0005-SM-9MQLO",6
"GTEX-1HC8U-0005-SM-ADEGV",6
"GTEX-1CB4J-0006-SM-ACKV6",6
"GTEX-V1D1-0006-SM-3NMCE",6
"GTEX-WFG8-0001-SM-4LVN8",3
"GTEX-1A8FM-0006-SM-7MGWI",6
"GTEX-1KWVE-0005-SM-CYPSE",6
"GTEX-1JMOU-0006-SM-DHXJ7",6
"GTEX-12WSL-0005-SM-5NQAD",6
"GTEX-13113-0006-SM-5NQ7X",6
"GTEX-1JMPZ-0006-SM-DHXJ9",6
"GTEX-TMZS-0006-SM-3DB8G",6
"GTEX-1QP28-0006-SM-DLZQW",6
"GTEX-1R9PM-0006-SM-CYPTI",6
"GTEX-P44H-0006-SM-2XCFB",6
"GTEX-1LVA9-0006-SM-DKPPN",6
"GTEX-11ZTT-0002-SM-5S2PA",3
"GTEX-WYJK-0005-SM-3NMA1",6
"GTEX-1H4P4-0006-SM-AHZ24",6
"GTEX-T8EM-0006-SM-3DB71",6
"GTEX-1HSMQ-0006-SM-ARU6N",6
"GTEX-1QEPI-0006-SM-CY8GY",6
"GTEX-1R7EV-0005-SM-DO938",6
"GTEX-1GN1U-0006-SM-ARU6G",6
"GTEX-11P7K-0003-SM-5S2OU",3
"GTEX-11VI4-0006-SM-5N9D8",6
"GTEX-16BQI-0006-SM-7SB6K",6
"GTEX-1313W-0006-SM-5O9B1",6
"GTEX-11TTK-0005-SM-5O9BX",6
"GTEX-1MCQQ-0005-SM-DKPPV",6
"GTEX-15G1A-0006-SM-7PC1Z",6
"GTEX-17HHE-0005-SM-7P8OT",6
"GTEX-1C4CL-0005-SM-7MKF3",6
"GTEX-X62O-0005-SM-46MV1",6
"GTEX-VUSG-0003-SM-3NMDK",3
"GTEX-WWTW-0002-SM-4MVNH",3
"GTEX-12KS4-0005-SM-5SI94",6
"GTEX-1497J-0005-SM-5NQBD",6
"GTEX-U3ZN-0006-SM-3DB7Y",6
"GTEX-1HSKV-0006-SM-ARZL9",6
"GTEX-16NPX-0005-SM-7MKGG",6
"GTEX-Y9LG-0001-SM-4VBRQ",3
"GTEX-131XG-0006-SM-5O9CE",6
"GTEX-QESD-0006-SM-2I5G6",6
"GTEX-1CB4H-0006-SM-A96RE",6
"GTEX-POMQ-0006-SM-5SI7D",6
"GTEX-1J8Q2-0006-SM-CNNOZ",6
"GTEX-14PJ4-0006-SM-7RHFY",6
"GTEX-X4XY-0006-SM-46MV2",6
"GTEX-1RAZA-0006-SM-CKZO9",6
"GTEX-1I6K7-0005-SM-ARL72",6
"GTEX-1IGQW-0005-SM-CMKFR",6
"GTEX-XUYS-0005-SM-47JZ2",6
"GTEX-XLM4-0004-SM-4AT5I",3
"GTEX-14PHW-0005-SM-9KNTK",6
"GTEX-1F7RK-0006-SM-ACKV4",6
"GTEX-UPJH-0006-SM-3GACW",6
"GTEX-1I1CD-0005-SM-ADEGY",6
"GTEX-Y8DK-0004-SM-4RGM7",3
"GTEX-1EMGI-0001-SM-EAZCK",3
"GTEX-1IKK5-0006-SM-CMKFI",6
"GTEX-1EH9U-0005-SM-ACKV3",6
"GTEX-1F52S-0001-SM-EVR36",3
"GTEX-14ICK-0006-SM-5NQB5",6
"GTEX-1EMGI-1126-SM-9KNUF",5
"GTEX-11EQ8-1326-SM-5EGJQ",5
"GTEX-1B8SG-0826-SM-7EWF7",5
"GTEX-ZAJG-0926-SM-5Q5AB",5
"GTEX-14BIL-0926-SM-7DHKN",5
"GTEX-17HHY-1426-SM-7EWDQ",5
"GTEX-1HCU7-1326-SM-CNPPW",5
"GTEX-11DXX-0526-SM-5PNVR",5
"GTEX-1211K-0626-SM-5FQUZ",5
"GTEX-13JVG-1126-SM-5KM2M",5
"GTEX-117YW-0326-SM-5N9CY",5
"GTEX-1HBPM-1026-SM-ARL9D",5
"GTEX-147F4-1126-SM-5TDDE",5
"GTEX-ZVT2-0926-SM-5GICE",5
"GTEX-WQUQ-1326-SM-3MJFF",5
"GTEX-1LVAN-1726-SM-CNNR1",5
"GTEX-Y3IK-1026-SM-51MR7",5
"GTEX-14PJ6-0726-SM-69LOL",5
"GTEX-17F9E-0726-SM-793A1",5
"GTEX-WFG8-0726-SM-3GILP",5
"GTEX-15UF7-1526-SM-6LPI7",5
"GTEX-YB5K-0226-SM-5IFJE",5
"GTEX-1CB4J-0226-SM-7P8T4",5
"GTEX-OIZG-1126-SM-2HMIU",5
"GTEX-XBEC-1226-SM-4AT65",5
"GTEX-WZTO-1226-SM-3NMAZ",5
"GTEX-131XF-5001-SM-7DHLY",5
"GTEX-1JJEA-0826-SM-CL53T",5
"GTEX-ZV7C-0326-SM-57WB1",5
"GTEX-1RMOY-0626-SM-E9TIE",5
"GTEX-18D9B-1226-SM-72D6V",5
"GTEX-ZVZQ-0726-SM-51MR3",5
"GTEX-17HGU-1126-SM-793BP",5
"GTEX-YEC3-0426-SM-CYPS8",5
"GTEX-VUSG-0726-SM-3GIK1",5
"GTEX-1H2FU-0826-SM-9WYSU",5
"GTEX-1LH75-0526-SM-DIPG2",5
"GTEX-1IKK5-1526-SM-CKZPW",5
"GTEX-13FXS-1026-SM-62LFQ",5
"GTEX-V955-0726-SM-3GAFG",5
"GTEX-1CB4G-0726-SM-79OOJ",5
"GTEX-13CF2-0226-SM-5L3DV",5
"GTEX-14PK6-0726-SM-6LLIX",5
"GTEX-12BJ1-0226-SM-5LUA2",5
"GTEX-13CF3-0726-SM-5J2MY",5
"GTEX-14E6C-0426-SM-5YYA8",5
"GTEX-1F6I4-0826-SM-7RHGK",5
"GTEX-YFC4-0426-SM-4TT3J",5
"GTEX-1MCC2-0226-SM-EVYD5",5
"GTEX-T2IS-0426-SM-32QPE",5
"GTEX-1399R-1726-SM-5K7YJ",5
"GTEX-1EX96-2526-SM-7RHGW",5
"GTEX-117YX-0626-SM-5EGJI",5
"GTEX-11TT1-1326-SM-5PNYM",5
"GTEX-14JG1-1026-SM-6ETZY",5
"GTEX-13FHP-0826-SM-5K7V5",5
"GTEX-1KXAM-1326-SM-E9TJW",5
"GTEX-1PPGY-0926-SM-DTXFF",5
"GTEX-14XAO-0926-SM-69LPZ",5
"GTEX-1CB4I-1526-SM-7DHMY",5
"GTEX-XQ8I-0226-SM-4BOPM",5
"GTEX-11EM3-0426-SM-5N9BZ",5
"GTEX-Y5V5-0726-SM-4VBPY",5
"GTEX-15RIE-1726-SM-7KUMU",5
"GTEX-145MN-0626-SM-5QGRH",5
"GTEX-14BIL-1126-SM-79OMC",5
"GTEX-QV44-0526-SM-2S1RE",5
"GTEX-14E1K-0826-SM-5ZZW9",5
"GTEX-ZAB5-0226-SM-5CVMH",5
"GTEX-1B996-1126-SM-73KWN",5
"GTEX-1GZ2Q-0926-SM-7RHHN",5
"GTEX-1MJIX-0426-SM-DTXEN",5
"GTEX-13X6J-1226-SM-79OMF",5
"GTEX-12BJ1-0326-SM-5FQUB",5
"GTEX-15CHC-0326-SM-5ZZVP",5
"GTEX-N7MS-0826-SM-2HML4",5
"GTEX-1GF9V-1726-SM-9KNW4",5
"GTEX-11GSP-1326-SM-5A5KY",5
"GTEX-1IKJJ-0826-SM-A96SP",5
"GTEX-14A6H-0226-SM-5Q5DX",5
"GTEX-1GMR3-0426-SM-7PC17",5
"GTEX-1HC8U-0626-SM-B2LWB",5
"GTEX-13D11-1726-SM-5IFGQ",5
"GTEX-ZPCL-0426-SM-DNZZ4",5
"GTEX-131XE-0526-SM-5K7YT",5
"GTEX-ZF2S-0826-SM-4WWBI",5
"GTEX-1A3MX-1326-SM-72D58",5
"GTEX-O5YV-0326-SM-2I5H2",5
"GTEX-1POEN-0726-SM-DTXDU",5
"GTEX-144GL-1026-SM-5O99R",5
"GTEX-1212Z-0726-SM-5EGI5",5
"GTEX-13O1R-0926-SM-5L3DS",5
"GTEX-14DAQ-1026-SM-793B1",5
"GTEX-18465-0726-SM-7LG4L",5
"GTEX-18D9U-1426-SM-718BO",5
"GTEX-1K9T9-1126-SM-D3L9E",5
"GTEX-1445S-1226-SM-5O9BF",5
"GTEX-YEC4-0326-SM-4W216",5
"GTEX-1R9K4-1326-SM-DTX8G",5
"GTEX-1ICG6-0726-SM-B2LY5",5
"GTEX-P78B-1626-SM-5SI85",5
"GTEX-14ABY-0126-SM-62LDI",5
"GTEX-18A7B-0326-SM-7LG65",5
"GTEX-V1D1-2426-SM-3GAER",5
"GTEX-13N11-2726-SM-5L3ER",5
"GTEX-131XE-2726-SM-5P9G7",5
"GTEX-1J8JJ-0126-SM-D3L93",5
"GTEX-16MT8-0326-SM-6PAM5",5
"GTEX-1GN1V-0326-SM-9WYTO",5
"GTEX-1M5QR-1326-SM-EWROC",5
"GTEX-O5YV-2026-SM-2D7VS",5
"GTEX-1LB8K-0126-SM-EVYCN",5
"GTEX-1HBPN-0526-SM-A9SM6",5
"GTEX-X88G-0326-SM-47JZ4",5
"GTEX-RWS6-2126-SM-2XCAV",5
"GTEX-ZV7C-2426-SM-5NQ7Q",5
"GTEX-13N1W-0526-SM-5MR4I",5
"GTEX-1LNCM-1226-SM-E9U5C",5
"GTEX-POYW-0526-SM-2XCEY",5
"GTEX-1I1GV-0126-SM-CL55G",5
"GTEX-U3ZG-0326-SM-47JXN",5
"GTEX-1QW4Y-1726-SM-EWRN1",5
"GTEX-132Q8-0626-SM-5L3F3",5
"GTEX-13NYS-0326-SM-5MR4L",5
"GTEX-1QP28-0526-SM-E8VNR",5
"GTEX-148VJ-0326-SM-5QGQE",5
"GTEX-13NZA-0526-SM-5L3D7",5
"GTEX-17JCI-0326-SM-7LG5H",5
"GTEX-1GPI7-0426-SM-7RHHP",5
"GTEX-1399U-2526-SM-5L3DL",5
"GTEX-U3ZH-1926-SM-4DXTR",5
"GTEX-ZF3C-0326-SM-4WWBF",5
"GTEX-1F5PL-0426-SM-7P8PR",5
"GTEX-ZPCL-2026-SM-57WFD",5
"GTEX-1H1DG-0326-SM-9QEHK",5
"GTEX-REY6-0826-SM-2TF4S",5
"GTEX-ZPIC-2526-SM-57WDP",5
"GTEX-X4XY-0626-SM-4E3IN",5
"GTEX-13112-2626-SM-5BC66",5
"GTEX-XUZC-2126-SM-4BRW8",5
"GTEX-V955-2426-SM-3GAEF",5
"GTEX-14E6E-2026-SM-664N5",5
"GTEX-Y111-0326-SM-4SOIX",5
"GTEX-18D9B-0426-SM-7LTAR",5
"GTEX-ZVE1-0526-SM-5NQ71",5
"GTEX-T5JC-0626-SM-3NMA6",5
"GTEX-11EI6-0326-SM-5EQ6G",5
"GTEX-1H2FU-0526-SM-ACKXO",5
"GTEX-PLZ5-1726-SM-2I5F6",5
"GTEX-16NGA-1926-SM-7LTA6",5
"GTEX-1H1E6-2126-SM-9KNVM",5
"GTEX-15DCD-0626-SM-7KUG7",5
"GTEX-1KXAM-2426-SM-DIPFC",5
"GTEX-XBEC-0626-SM-4QARY",5
"GTEX-1HCU6-0526-SM-A9SKU",5
"GTEX-139TS-2626-SM-5J1MT",5
"GTEX-XGQ4-2326-SM-4AT53",5
"GTEX-PX3G-1626-SM-2S1PT",5
"GTEX-15SHU-0626-SM-7KUFH",5
"GTEX-17GQL-1926-SM-718B9",5
"GTEX-1HFI7-1926-SM-A96TQ",5
"GTEX-W5WG-1926-SM-4KKZK",5
"GTEX-14BMU-2026-SM-5S2W6",5
"GTEX-QVUS-0226-SM-3GIJY",5
"GTEX-TSE9-0526-SM-3DB7Z",5
"GTEX-1IDJV-0426-SM-COH3Z",5
"GTEX-N7MS-0426-SM-2YUN6",5
"GTEX-1C4CL-0326-SM-7DHMH",5
"GTEX-XYKS-2426-SM-4AT43",5
"GTEX-1IL2U-0726-SM-EAZ2Y",5
"GTEX-ZA64-2026-SM-5PNXT",5
"GTEX-1CAMR-1726-SM-793CU",5
"GTEX-13FHO-0726-SM-5IJDG",5
"GTEX-U3ZM-1226-SM-3DB9G",5
"GTEX-13NYB-2726-SM-5J2MT",5
"GTEX-R55D-0626-SM-3GAD5",5
"GTEX-1R9K5-0326-SM-EWRNG",5
"GTEX-11TUW-2526-SM-5EQKN",5
"GTEX-YEC4-2226-SM-5IFJT",5
"GTEX-OOBK-1626-SM-2HMKG",5
"GTEX-17EVP-1326-SM-7DHMR",5
"GTEX-R55E-0526-SM-2TC6B",5
"GTEX-1F6IF-0226-SM-7PBZ6",5
"GTEX-1NUQO-0726-SM-E9J3K",5
"GTEX-PWCY-2026-SM-5SI8R",5
"GTEX-1JMQI-2126-SM-CM2SC",5
"GTEX-1PPH7-2526-SM-E76OJ",5
"GTEX-OIZG-1326-SM-2HMIQ",5
"GTEX-11OF3-2526-SM-5P9JL",5
"GTEX-1CB4I-0326-SM-7DHMM",5
"GTEX-1B8KZ-2126-SM-73KYG",5
"GTEX-1CB4G-0426-SM-7MXUN",5
"GTEX-11DXZ-2426-SM-5N9DT",5
"GTEX-12WSF-0926-SM-6PALU",5
"GTEX-14753-0526-SM-5QGPR",5
"GTEX-SE5C-1826-SM-2XCE4",5
"GTEX-1I1HK-0326-SM-ACKW5",5
"GTEX-13FTY-0226-SM-5IJBW",5
"GTEX-1GMR3-2126-SM-9WYTZ",5
"GTEX-PLZ6-1526-SM-2S1OC",5
"GTEX-ZYT6-2826-SM-5GICX",1
"GTEX-14C39-1626-SM-5S2P4",1
"GTEX-14BMV-2426-SM-5S2PP",1
"GTEX-1AYCT-1926-SM-793AE",1
"GTEX-12WSD-2626-SM-5EGJE",1
"GTEX-1I1GP-2826-SM-A9SKZ",1
"GTEX-1QCLZ-1926-SM-E6CR3",8
"GTEX-XQ8I-2326-SM-4BOQC",1
"GTEX-WYJK-2326-SM-4ONDN",8
"GTEX-TKQ1-0626-SM-4DXTS",1
"GTEX-18A66-2626-SM-72D67",1
"GTEX-1GPI7-1726-SM-7P8R1",8
"GTEX-1R9PM-1526-SM-DPRY8",8
"GTEX-12ZZW-2426-SM-5DUWE",1
"GTEX-1L5NE-1926-SM-D3L9R",1
"GTEX-Y3I4-1126-SM-4TT7Y",1
"GTEX-1H23P-2626-SM-9KNVN",1
"GTEX-QEL4-1926-SM-D3L8D",8
"GTEX-1NSGN-2326-SM-E9U5X",8
"GTEX-12696-1926-SM-5EGJT",1
"GTEX-1A3MV-1026-SM-72D5U",1
"GTEX-XUW1-1826-SM-4BOQD",1
"GTEX-1JKYN-2226-SM-ARZNE",1
"GTEX-148VJ-2426-SM-5NQ9Y",1
"GTEX-17F9Y-2626-SM-7IGN9",1
"GTEX-15RJ7-1726-SM-6PAL3",1
"GTEX-131XE-1026-SM-5EGKE",1
"GTEX-ZY6K-1326-SM-5GZWP",1
"GTEX-1LGOU-1726-SM-D3L8P",1
"GTEX-144GN-1126-SM-5LU33",8
"GTEX-ZV6S-1126-SM-57WE9",1
"GTEX-14E6C-2226-SM-5QGQG",1
"GTEX-1J8Q3-2426-SM-CL53S",1
"GTEX-11O72-2226-SM-5PNW2",1
"GTEX-ZP4G-1726-SM-4WWCM",8
"GTEX-S7SF-1926-SM-4AT5B",8
"GTEX-1JMPY-1026-SM-ARZN1",1
"GTEX-1LG7Z-1426-SM-CXKYV",8
"GTEX-13S86-1626-SM-5Q5C5",8
"GTEX-1GTWX-2626-SM-9WPOT",1
"GTEX-1HCUA-1926-SM-B2LWE",1
"GTEX-1GZ4I-2426-SM-9WPPP",1
"GTEX-R55G-1226-SM-48FDC",8
"GTEX-13FTW-1826-SM-5IJEN",8
"GTEX-1RAZR-1926-SM-E6CRF",8
"GTEX-O5YT-1426-SM-3MJHC",8
"GTEX-14XAO-2026-SM-69LOI",8
"GTEX-11I78-1226-SM-5A5K6",8
"GTEX-1OJC3-1826-SM-DTX93",8
"GTEX-ZYFG-1826-SM-5GZWX",1
"GTEX-1MUQO-2626-SM-EWRO3",1
"GTEX-ZYY3-2226-SM-5E45A",1
"GTEX-132AR-2726-SM-5PNVN",8
"GTEX-1S82P-2026-SM-E9TIQ",1
"GTEX-11I78-1326-SM-5PNY9",1
"GTEX-VJYA-2026-SM-4KL1K",8
"GTEX-18D9A-1126-SM-7KFRJ",8
"GTEX-13OVI-2026-SM-5J1MU",1
"GTEX-1I6K6-1926-SM-A96SN",1
"GTEX-14BMU-1326-SM-5RQIH",1
"GTEX-13111-1926-SM-5GCOL",1
"GTEX-WFON-1426-SM-4LVMT",8
"GTEX-11EI6-2626-SM-5PNVT",1
"GTEX-14JG6-1726-SM-69LPL",8
"GTEX-13O1R-2426-SM-5KLZZ",1
"GTEX-11TUW-2026-SM-5EQL8",1
"GTEX-1I1GR-2526-SM-CNNQF",8
"GTEX-147F3-1926-SM-5SIB9",8
"GTEX-16XZZ-2726-SM-7EWDO",1
"GTEX-13O61-1626-SM-5KM3T",1
"GTEX-139TS-2226-SM-5J2N1",1
"GTEX-1MJK3-0926-SM-EV7AY",8
"GTEX-178AV-1326-SM-6LPJX",8
"GTEX-15EO6-2326-SM-6LPKK",1
"GTEX-1LBAC-1726-SM-D3L9W",1
"GTEX-1IKOE-2126-SM-A96T5",1
"GTEX-13G51-2126-SM-5IJD9",1
"GTEX-145LT-0826-SM-5S2QL",1
"GTEX-WHWD-1526-SM-4OORV",1
"GTEX-Y5LM-1426-SM-5RQJL",1
"GTEX-1399U-1926-SM-5IFH7",8
"GTEX-13OVJ-1826-SM-5KM2D",1
"GTEX-1PFEY-1726-SM-DPRZ4",8
"GTEX-1HCU6-2726-SM-A9SKV",1
"GTEX-1JN76-1326-SM-ARU94",1
"GTEX-111CU-1226-SM-5EGIN",1
"GTEX-11ZU8-1126-SM-5EQ5K",1
"GTEX-QDVN-1326-SM-48TZ3",8
"GTEX-1IKOE-2026-SM-AHZ31",8
"GTEX-W5WG-2026-SM-4LMIB",8
"GTEX-15DZA-0926-SM-69LQ3",1
"GTEX-15CHQ-2626-SM-686YZ",1
"GTEX-111CU-1426-SM-5GZYP",8
"GTEX-1S831-1726-SM-EWROJ",1
"GTEX-15UF6-2626-SM-6M466",1
"GTEX-14PHX-1526-SM-68717",8
"GTEX-S4P3-1226-SM-4AD4Y",8
"GTEX-1GZ4H-1326-SM-7P8TE",1
"GTEX-UJMC-1326-SM-4IHLS",8
"GTEX-1HCU6-2926-SM-B2LWV",1
"GTEX-1LGRB-1226-SM-CNNPS",1
"GTEX-13X6H-0526-SM-5LU4Q",1
"GTEX-1IE54-0926-SM-A9G2Y",1
"GTEX-U3ZN-0326-SM-3DB86",1
"GTEX-1GMRU-1126-SM-9KNV1",1
"GTEX-11P7K-0226-SM-5986Z",1
"GTEX-1C2JI-0326-SM-7EWFD",1
"GTEX-1RAZR-1126-SM-E6CRC",1
"GTEX-1KXAM-1726-SM-D3LAE",1
"GTEX-15CHC-0126-SM-5YYBA",1
"GTEX-1GF9W-0626-SM-7MXVJ",1
"GTEX-16AAH-0326-SM-7DHML",1
"GTEX-15G1A-0326-SM-6M467",1
"GTEX-1B8SF-0626-SM-73KVV",1
"GTEX-1R9PM-0226-SM-DPRY7",1
"GTEX-14XAO-0426-SM-6AJB6",1
"GTEX-13D11-0226-SM-5LZXL",1
"GTEX-ZGAY-1026-SM-4WWBR",1
"GTEX-OHPL-2626-SM-2HMJA",1
"GTEX-1313W-0726-SM-5EGK1",1
"GTEX-YJ89-0726-SM-5P9F7",1
"GTEX-11GSP-0126-SM-5A5KU",1
"GTEX-X15G-0526-SM-3NMB7",1
"GTEX-U412-0726-SM-EVR2Y",1
"GTEX-ZV6S-0226-SM-59HJT",1
"GTEX-1H11D-0626-SM-9WPQ1",1
"GTEX-1E1VI-0726-SM-7P8QJ",1
"GTEX-1GN1U-0826-SM-9WPPX",1
"GTEX-ZF28-0826-SM-4WKGJ",1
"GTEX-S7SF-0226-SM-5SI7H",1
"GTEX-1F52S-0526-SM-7P8TP",1
"GTEX-16NPX-1426-SM-6LPK3",1
"GTEX-1QP2A-0626-SM-DTX9C",1
"GTEX-15RIE-0426-SM-7KUMH",1
"GTEX-O5YV-1526-SM-EV799",1
"GTEX-17EVQ-0526-SM-7KFSK",1
"GTEX-1HBPN-1226-SM-B2LW9",1
"GTEX-T2IS-0626-SM-32QP6",1
"GTEX-1PIGE-0726-SM-DPRZD",1
"GTEX-1IKOE-0926-SM-ARU7X",1
"GTEX-1CB4H-0126-SM-7IGN2",1
"GTEX-1EU9M-0626-SM-7MXUT",1
"GTEX-132QS-0326-SM-5IJFN",1
"GTEX-13O1R-0826-SM-5J2MB",1
"GTEX-V955-0426-SM-3GAEL",1
"GTEX-11NSD-0126-SM-5987F",1
"GTEX-1QP6S-2526-SM-DTX9Z",1
"GTEX-1I1GV-0726-SM-ARZLY",1
"GTEX-1JMQJ-2026-SM-CNPP9",1
"GTEX-1C475-0226-SM-7MGXM",1
"GTEX-13X6J-0826-SM-5LU32",1
"GTEX-1RQED-0926-SM-EWRNZ",1
"GTEX-1J8QM-0726-SM-CE6RF",1
"GTEX-12WSJ-0326-SM-5GCMT",1
"GTEX-TKQ1-0126-SM-33HB3",1
"GTEX-14PKV-0626-SM-6AJA2",1
"GTEX-1CB4G-1526-SM-7P8QG",1
"GTEX-1IOXB-1026-SM-CJI4D",1
"GTEX-13QBU-0626-SM-5J2OG",1
"GTEX-15RIF-0326-SM-7KUFR",1
"GTEX-148VI-0526-SM-5TDDG",1
"GTEX-1GZ2Q-0826-SM-7P8TK",1
"GTEX-1OJC4-0526-SM-E6CQV",1
"GTEX-131XE-0126-SM-5LZVC",1
"GTEX-12ZZY-0826-SM-5EQMT",1
"GTEX-1211K-0726-SM-5FQUW",1
"GTEX-14PJ3-0126-SM-69LQP",1
"GTEX-11DXY-0426-SM-5H12R",1
"GTEX-1I1GQ-0826-SM-CNNQR",1
"GTEX-12WSD-0926-SM-5GCNL",1
"GTEX-13FH7-0126-SM-5KLZ1",1
"GTEX-17KNJ-1026-SM-79ONK",1
"GTEX-1JMPZ-0626-SM-CY8HY",1
"GTEX-11EQ8-0826-SM-5N9FG",1
"GTEX-1F6IF-1126-SM-9KNV2",1
"GTEX-12WSK-0926-SM-5CVNQ",1
"GTEX-1MGNQ-0726-SM-DPRYH",1
"GTEX-13N11-1026-SM-5K7XQ",1
"GTEX-ZTSS-0226-SM-59877",1
"GTEX-Y114-0626-SM-4TT98",1
"GTEX-1MJK3-0326-SM-DTX96",1
"GTEX-1KD5A-0426-SM-D4P3X",1
"GTEX-1HBPM-0926-SM-ARL9C",1
"GTEX-13111-0226-SM-5EQ55",1
"GTEX-1I6K6-0726-SM-B2LX4",1
"GTEX-1CB4F-0826-SM-793CV",1
"GTEX-WK11-0926-SM-3NMAU",1
"GTEX-1497J-0126-SM-5Q5BK",1
"GTEX-15UF6-1126-SM-6LPJ3",1
"GTEX-131XF-1826-SM-5EGKG",1
"GTEX-OXRK-0626-SM-2HMJ5",1
"GTEX-R55E-0826-SM-2TC5M",1
"GTEX-13O61-0226-SM-5KM52",1
"GTEX-QV44-0826-SM-2S1RG",1
"GTEX-18A7A-0826-SM-7KFTJ",1
"GTEX-ZF29-0726-SM-DO92H",1
"GTEX-ZXG5-0926-SM-5NQ8H",1
"GTEX-1RMOY-0126-SM-EWRNN",1
"GTEX-1RAZQ-0926-SM-EAZ4Q",1
"GTEX-YB5K-0526-SM-5LUAS",1
